{
"type": "FeatureCollection",
"name": "swcb_clipped_inventory",
"crs": { "type": "name", "properties": { "name": "urn:ogc:def:crs:OGC:1.3:CRS84" } },
"features": [
{ "type": "Feature", "properties": { }, "geometry": { "type": "Polygon", "coordinates": [ [ [ 121.6377262374412, 24.248186557891561 ], [ 121.637725275508103, 24.248276851943011 ], [ 121.637823754883797, 24.248277733891019 ], [ 121.637821832146599, 24.24845832288786 ], [ 121.637723351646997, 24.24845744094565 ], [ 121.637719504907594, 24.24881861803145 ], [ 121.6374240645425, 24.248815971823909 ], [ 121.637429836399306, 24.248274206623389 ], [ 121.637528315771206, 24.24827508785981 ], [ 121.637529277843399, 24.248184793806701 ], [ 121.6377262374412, 24.248186557891561 ] ] ] } },
{ "type": "Feature", "properties": { }, "geometry": { "type": "Polygon", "coordinates": [ [ [ 121.636942249989701, 24.24781832377467 ], [ 121.636941287499297, 24.247908617836931 ], [ 121.636744329304605, 24.247906853625508 ], [ 121.6367452919295, 24.247816558658709 ], [ 121.636942249989701, 24.24781832377467 ] ] ] } },
{ "type": "Feature", "properties": { }, "geometry": { "type": "Polygon", "coordinates": [ [ [ 121.607771955456897, 24.249450512879271 ], [ 121.607770972375206, 24.249540805347721 ], [ 121.607869451013997, 24.249541706677391 ], [ 121.607867485983505, 24.24972229341148 ], [ 121.607965964761306, 24.249723194675891 ], [ 121.607963998881303, 24.249903780505349 ], [ 121.607865519964506, 24.249902879242441 ], [ 121.607864536957294, 24.249993172607791 ], [ 121.607667577014695, 24.24999136990002 ], [ 121.607668560160903, 24.24990107653317 ], [ 121.607570080258995, 24.249900175082871 ], [ 121.607574996348603, 24.249448710034962 ], [ 121.607771955456897, 24.249450512879271 ] ] ] } },
{ "type": "Feature", "properties": { }, "geometry": { "type": "Polygon", "coordinates": [ [ [ 121.6261915493196, 24.249256764309411 ], [ 121.626388509786295, 24.249258543045158 ], [ 121.626385599996297, 24.24952942453449 ], [ 121.626188639112399, 24.249527645803521 ], [ 121.6261915493196, 24.249256764309411 ] ] ] } },
{ "type": "Feature", "properties": { }, "geometry": { "type": "Polygon", "coordinates": [ [ [ 121.6261915493196, 24.249256764309411 ], [ 121.625797630353802, 24.24925320606447 ], [ 121.625800540412499, 24.248982324555399 ], [ 121.626194459528406, 24.24898588280589 ], [ 121.6261915493196, 24.249256764309411 ] ] ] } },
{ "type": "Feature", "properties": { }, "geometry": { "type": "Polygon", "coordinates": [ [ [ 121.625806362503994, 24.24844056150101 ], [ 121.625805392156394, 24.24853085564698 ], [ 121.625903870849399, 24.248531745312309 ], [ 121.625900960996802, 24.2488026268346 ], [ 121.625704001223895, 24.248800847453101 ], [ 121.625704971644893, 24.248710554212352 ], [ 121.625606492812494, 24.248709664421071 ], [ 121.625609403291605, 24.248438782888449 ], [ 121.625806362503994, 24.24844056150101 ] ] ] } },
{ "type": "Feature", "properties": { }, "geometry": { "type": "Polygon", "coordinates": [ [ [ 121.695021100586004, 24.231440687050512 ], [ 121.695018338570193, 24.231711577230339 ], [ 121.694722930577797, 24.231709044167019 ], [ 121.694725693218999, 24.231438153978289 ], [ 121.695021100586004, 24.231440687050512 ] ] ] } },
{ "type": "Feature", "properties": { }, "geometry": { "type": "Polygon", "coordinates": [ [ [ 121.675220162034293, 24.222600443640051 ], [ 121.675219228269697, 24.22269073945353 ], [ 121.675317689551306, 24.222691595748309 ], [ 121.675315821182295, 24.222872188277549 ], [ 121.675217359756999, 24.22287133108177 ], [ 121.675216425013701, 24.222961627799378 ], [ 121.675019502027993, 24.222959914121439 ], [ 121.675020435925603, 24.222869617406321 ], [ 121.674823513077399, 24.222867903471691 ], [ 121.674826317172702, 24.222597016014401 ], [ 121.675220162034293, 24.222600443640051 ] ] ] } },
{ "type": "Feature", "properties": { }, "geometry": { "type": "Polygon", "coordinates": [ [ [ 121.639443613640395, 24.244138292462551 ], [ 121.639442653868798, 24.24422858744547 ], [ 121.639541130107006, 24.2442294674441 ], [ 121.639539209714201, 24.2444100565064 ], [ 121.639440732347694, 24.24440917561072 ], [ 121.639439772576793, 24.244499470590501 ], [ 121.6392428186888, 24.244497708605369 ], [ 121.639243779588, 24.244407414522641 ], [ 121.639145302220896, 24.244406533435651 ], [ 121.639147224159103, 24.244225945265409 ], [ 121.639245700398007, 24.244226825455321 ], [ 121.639246661297904, 24.24413653136947 ], [ 121.639443613640395, 24.244138292462551 ] ] ] } },
{ "type": "Feature", "properties": { }, "geometry": { "type": "Polygon", "coordinates": [ [ [ 121.638481914091201, 24.241962417841041 ], [ 121.638480952634296, 24.242052712861462 ], [ 121.638874852898397, 24.24205623690148 ], [ 121.638873891715306, 24.242146531014651 ], [ 121.638972366360207, 24.24214741231793 ], [ 121.638971406231505, 24.24223770642509 ], [ 121.639069880941193, 24.242238586760909 ], [ 121.6390689208867, 24.242328881769051 ], [ 121.639167395665694, 24.242329762040299 ], [ 121.639166435681005, 24.242420057046559 ], [ 121.639264910529306, 24.24242093725319 ], [ 121.639263949629694, 24.24251123226173 ], [ 121.639362425531999, 24.242512112399631 ], [ 121.639360504852604, 24.2426927015049 ], [ 121.639065078688304, 24.24269005909089 ], [ 121.639066038746407, 24.242599764989791 ], [ 121.638869087781302, 24.242598003362339 ], [ 121.638870048958907, 24.242507708351511 ], [ 121.638771574040106, 24.242506827890679 ], [ 121.638772534307193, 24.24241653378499 ], [ 121.638674059453294, 24.242415652356691 ], [ 121.638675019790099, 24.242325358249111 ], [ 121.638478070225204, 24.242323596102469 ], [ 121.6384790306968, 24.2422333010893 ], [ 121.6381836055739, 24.242230657844249 ], [ 121.638184567238895, 24.24214036282341 ], [ 121.638086092596694, 24.24213948191295 ], [ 121.638088015086396, 24.2419588927735 ], [ 121.638481914091201, 24.241962417841041 ] ] ] } },
{ "type": "Feature", "properties": { }, "geometry": { "type": "Polygon", "coordinates": [ [ [ 121.637990501403195, 24.24186771677612 ], [ 121.637987616965205, 24.242138600040001 ], [ 121.637692192047595, 24.242135955836108 ], [ 121.637695077111303, 24.241865072564739 ], [ 121.637990501403195, 24.24186771677612 ] ] ] } },
{ "type": "Feature", "properties": { }, "geometry": { "type": "Polygon", "coordinates": [ [ [ 121.632021205007007, 24.238292356121299 ], [ 121.632017343726105, 24.238653532054741 ], [ 121.631721927680104, 24.238650876086581 ], [ 121.631725789795098, 24.23828970014333 ], [ 121.632021205007007, 24.238292356121299 ] ] ] } },
{ "type": "Feature", "properties": { }, "geometry": { "type": "Polygon", "coordinates": [ [ [ 121.616283366295704, 24.236524621379999 ], [ 121.6162823891096, 24.236614914836839 ], [ 121.616380859690807, 24.236615809946318 ], [ 121.616378906446897, 24.236796397754208 ], [ 121.616280436711307, 24.236795502642281 ], [ 121.616279460510199, 24.236885796092 ], [ 121.616082519910407, 24.236884004779601 ], [ 121.616081543574793, 24.236974299132701 ], [ 121.615884603820106, 24.236972507562921 ], [ 121.615883626356606, 24.23706280101764 ], [ 121.615785156411803, 24.23706190558935 ], [ 121.615784179863596, 24.237152199039802 ], [ 121.615587239834397, 24.23715040799356 ], [ 121.615591147564302, 24.236789233272422 ], [ 121.615689617301001, 24.236790128830499 ], [ 121.615690593919197, 24.236699835375081 ], [ 121.615789063586206, 24.236700730870211 ], [ 121.615790040135195, 24.23661043741453 ], [ 121.615986980318695, 24.236612229114009 ], [ 121.615987956724396, 24.236521934755942 ], [ 121.616283366295704, 24.236524621379999 ] ] ] } },
{ "type": "Feature", "properties": { }, "geometry": { "type": "Polygon", "coordinates": [ [ [ 121.622889592850697, 24.235771821391769 ], [ 121.622888621304199, 24.23586211480152 ], [ 121.622987091249598, 24.235863005647719 ], [ 121.622984175843797, 24.236133887678111 ], [ 121.622885706674595, 24.23613299683025 ], [ 121.622884734144193, 24.23622329023986 ], [ 121.622687794681596, 24.236221508358518 ], [ 121.622688767346702, 24.236131214044459 ], [ 121.622590297192303, 24.23613032300943 ], [ 121.622591268946806, 24.236040029600439 ], [ 121.622492799841993, 24.236039137593949 ], [ 121.622494743486101, 24.235858549868379 ], [ 121.622593213436502, 24.23585944187241 ], [ 121.622594185186998, 24.23576914755742 ], [ 121.622889592850697, 24.235771821391769 ] ] ] } },
{ "type": "Feature", "properties": { }, "geometry": { "type": "Polygon", "coordinates": [ [ [ 121.621627969843004, 24.234044649434299 ], [ 121.621625052488795, 24.234315530653561 ], [ 121.621428115940802, 24.23431374708197 ], [ 121.621431033707594, 24.234042864955089 ], [ 121.621627969843004, 24.234044649434299 ] ] ] } },
{ "type": "Feature", "properties": { }, "geometry": { "type": "Polygon", "coordinates": [ [ [ 121.622713062417603, 24.23387386677706 ], [ 121.622711119044197, 24.234054454545351 ], [ 121.622612650488307, 24.2340535634921 ], [ 121.6226116787346, 24.234143857826911 ], [ 121.622513210109005, 24.23414296671071 ], [ 121.622512238281601, 24.23423326014241 ], [ 121.622315301875503, 24.234231477716381 ], [ 121.622316273842003, 24.234141184283121 ], [ 121.622020869928093, 24.234138509258841 ], [ 121.622023786449404, 24.23386762804278 ], [ 121.622713062417603, 24.23387386677706 ] ] ] } },
{ "type": "Feature", "properties": { }, "geometry": { "type": "Polygon", "coordinates": [ [ [ 121.621574236416905, 24.229890238424371 ], [ 121.621567429707895, 24.23052229552729 ], [ 121.621272033152493, 24.230519620688661 ], [ 121.621277869566697, 24.229977857056131 ], [ 121.621376334013505, 24.229978749041091 ], [ 121.621377306682504, 24.22988845555092 ], [ 121.621574236416905, 24.229890238424371 ] ] ] } },
{ "type": "Feature", "properties": { }, "geometry": { "type": "Polygon", "coordinates": [ [ [ 121.6383354179614, 24.227964130600888 ], [ 121.638334458226396, 24.228054424874191 ], [ 121.638432922026695, 24.22805530585104 ], [ 121.638429080417794, 24.22841648384577 ], [ 121.638330616339601, 24.228415602872289 ], [ 121.638329655621206, 24.228505897144512 ], [ 121.638132726345106, 24.22850413591506 ], [ 121.638133687202497, 24.22841384164116 ], [ 121.638035223123595, 24.228412960476511 ], [ 121.638039065844097, 24.228051782468409 ], [ 121.638137529640503, 24.228052662733511 ], [ 121.638138490499003, 24.22796236845441 ], [ 121.6383354179614, 24.227964130600888 ] ] ] } },
{ "type": "Feature", "properties": { }, "geometry": { "type": "Polygon", "coordinates": [ [ [ 121.621615071912004, 24.226097893851041 ], [ 121.621612155290805, 24.22636877534395 ], [ 121.621316768322401, 24.226366100396461 ], [ 121.621315796566506, 24.226456394826961 ], [ 121.621217333844299, 24.226455502751548 ], [ 121.621216362014707, 24.226545796278909 ], [ 121.621117899227301, 24.226544905043468 ], [ 121.621116927328401, 24.22663519857057 ], [ 121.620920002594204, 24.226633415003221 ], [ 121.620920974627595, 24.226543120571669 ], [ 121.621019437419804, 24.226544012837419 ], [ 121.621023327254903, 24.2261828369016 ], [ 121.6214171753372, 24.22618640444529 ], [ 121.621418148008601, 24.226096110008431 ], [ 121.621615071912004, 24.226097893851041 ] ] ] } },
{ "type": "Feature", "properties": { }, "geometry": { "type": "Polygon", "coordinates": [ [ [ 121.622112240134797, 24.225650880180549 ], [ 121.622108353352004, 24.226012056106629 ], [ 121.622009890982795, 24.2260111654398 ], [ 121.622008919708094, 24.22610145896606 ], [ 121.621811995810404, 24.22609967653597 ], [ 121.621815883425995, 24.22573850060455 ], [ 121.621914345591605, 24.225739392304039 ], [ 121.621915316932004, 24.225649097869951 ], [ 121.622112240134797, 24.225650880180549 ] ] ] } },
{ "type": "Feature", "properties": { }, "geometry": { "type": "Polygon", "coordinates": [ [ [ 121.639147126996207, 24.225713809619911 ], [ 121.639146166826905, 24.22580410391674 ], [ 121.639244629873303, 24.22580498440065 ], [ 121.639242710658706, 24.225985572985309 ], [ 121.639144247477901, 24.225984693405941 ], [ 121.639143288293695, 24.22607498769548 ], [ 121.638946362772501, 24.226073227440271 ], [ 121.638947323075598, 24.225982932242029 ], [ 121.638848859894097, 24.22598205247154 ], [ 121.638850779659904, 24.22580146297733 ], [ 121.638949242707, 24.225802343652351 ], [ 121.638950202026194, 24.225712048455129 ], [ 121.639147126996207, 24.225713809619911 ] ] ] } },
{ "type": "Feature", "properties": { }, "geometry": { "type": "Polygon", "coordinates": [ [ [ 121.621424953777094, 24.225464052544851 ], [ 121.62142203674, 24.225734934967289 ], [ 121.621323575558193, 24.225734042945231 ], [ 121.621321631055395, 24.225914630920919 ], [ 121.621026245127496, 24.225911955388231 ], [ 121.621029163001495, 24.225641073865471 ], [ 121.621127625094502, 24.225641965172532 ], [ 121.621129569876103, 24.22546137718744 ], [ 121.621424953777094, 24.225464052544851 ] ] ] } },
{ "type": "Feature", "properties": { }, "geometry": { "type": "Polygon", "coordinates": [ [ [ 121.631272085694903, 24.225462602511332 ], [ 121.631269189500003, 24.225733485599061 ], [ 121.631170727425499, 24.225732600853672 ], [ 121.631169761629906, 24.225822895216339 ], [ 121.630874375188, 24.22582023879464 ], [ 121.630875341191995, 24.225729944429521 ], [ 121.630776879112204, 24.225729058526429 ], [ 121.630778810275103, 24.225548469795541 ], [ 121.630877272215898, 24.225549355700249 ], [ 121.630878238220504, 24.22545906133201 ], [ 121.631272085694903, 24.225462602511332 ] ] ] } },
{ "type": "Feature", "properties": { }, "geometry": { "type": "Polygon", "coordinates": [ [ [ 121.632758655638895, 24.224572930646129 ], [ 121.632757691936604, 24.22466322500518 ], [ 121.632856153178906, 24.224664109643982 ], [ 121.632854224929304, 24.224844698361391 ], [ 121.632755763548104, 24.22484381372421 ], [ 121.632754798861896, 24.22493410808422 ], [ 121.632459414517896, 24.2249314555987 ], [ 121.632462308213206, 24.224660571609402 ], [ 121.632560769456106, 24.224661456439328 ], [ 121.632561733297294, 24.224571162078622 ], [ 121.632758655638895, 24.224572930646129 ] ] ] } },
{ "type": "Feature", "properties": { }, "geometry": { "type": "Polygon", "coordinates": [ [ [ 121.633457521905399, 24.223676174559419 ], [ 121.6334546302825, 24.22394705765565 ], [ 121.633553090967695, 24.223947941855108 ], [ 121.633551163687201, 24.224128530577691 ], [ 121.633255781223397, 24.22412587959888 ], [ 121.633256745564196, 24.22403558523359 ], [ 121.633158284808999, 24.224034700843848 ], [ 121.633159248234804, 24.22394440648079 ], [ 121.633060787548899, 24.223943522026531 ], [ 121.633062715524702, 24.22376293329156 ], [ 121.633161176071695, 24.223763817747479 ], [ 121.633162140482796, 24.22367352337718 ], [ 121.633457521905399, 24.223676174559419 ] ] ] } },
{ "type": "Feature", "properties": { }, "geometry": { "type": "Polygon", "coordinates": [ [ [ 121.628057678979204, 24.22218276262198 ], [ 121.6280547768676, 24.22245364499565 ], [ 121.627759398121299, 24.222450983271511 ], [ 121.627761333608603, 24.222270395318201 ], [ 121.627859793050504, 24.222271282323948 ], [ 121.627860760230504, 24.222180987897111 ], [ 121.628057678979204, 24.22218276262198 ] ] ] } },
{ "type": "Feature", "properties": { }, "geometry": { "type": "Polygon", "coordinates": [ [ [ 121.641763662707802, 24.22040928243214 ], [ 121.641760789550702, 24.220680166332802 ], [ 121.641465414282607, 24.22067753112109 ], [ 121.641468288064701, 24.220406647212851 ], [ 121.641763662707802, 24.22040928243214 ] ] ] } },
{ "type": "Feature", "properties": { }, "geometry": { "type": "Polygon", "coordinates": [ [ [ 121.645512724819099, 24.219720251753671 ], [ 121.645510814332397, 24.219900842179111 ], [ 121.645412356873805, 24.219899966551079 ], [ 121.645411401064607, 24.219990260862321 ], [ 121.645017568976201, 24.219986756822131 ], [ 121.645019479176796, 24.219806167297271 ], [ 121.645117937551504, 24.219807043176761 ], [ 121.645118892580498, 24.219716747962181 ], [ 121.645512724819099, 24.219720251753671 ] ] ] } },
{ "type": "Feature", "properties": { }, "geometry": { "type": "Polygon", "coordinates": [ [ [ 121.642857231200097, 24.219425696336351 ], [ 121.642856274573205, 24.219515991573608 ], [ 121.6431516481031, 24.219518623236301 ], [ 121.643150690700395, 24.21960891847414 ], [ 121.643249148940797, 24.219609795565422 ], [ 121.643248192592196, 24.219700090797222 ], [ 121.643346649917305, 24.219700967828121 ], [ 121.643344737355207, 24.21988155738401 ], [ 121.643246278906702, 24.219880680358958 ], [ 121.643245322558798, 24.219970975587628 ], [ 121.642753031925395, 24.219966587697218 ], [ 121.642752075230604, 24.220056882929079 ], [ 121.642653616637205, 24.220056004620719 ], [ 121.642652659873207, 24.220146299852392 ], [ 121.642554201214693, 24.22014542238405 ], [ 121.642553244376899, 24.220235716712661 ], [ 121.642257869171601, 24.220233083021 ], [ 121.642261699317402, 24.21987190387614 ], [ 121.641867866491395, 24.219868391684411 ], [ 121.641868824796205, 24.219778096438699 ], [ 121.641376534845094, 24.219773704984441 ], [ 121.641379408838006, 24.219502820139549 ], [ 121.641871697751995, 24.219507212509349 ], [ 121.6418726550732, 24.219416917263629 ], [ 121.642857231200097, 24.219425696336351 ] ] ] } },
{ "type": "Feature", "properties": { }, "geometry": { "type": "Polygon", "coordinates": [ [ [ 121.616082339941102, 24.246004550489879 ], [ 121.616076477488093, 24.246546311461412 ], [ 121.615879522990994, 24.24654451928016 ], [ 121.615880500370096, 24.246454225935789 ], [ 121.615782023190903, 24.246453329748739 ], [ 121.615786908466703, 24.246001863015302 ], [ 121.616082339941102, 24.246004550489879 ] ] ] } },
{ "type": "Feature", "properties": { }, "geometry": { "type": "Polygon", "coordinates": [ [ [ 121.606505386956499, 24.239144468797779 ], [ 121.606209973061496, 24.239141763303589 ], [ 121.606210956348903, 24.239051469803371 ], [ 121.6061124857777, 24.239050568142101 ], [ 121.606114452491795, 24.2388699811371 ], [ 121.606015982059503, 24.238869079410559 ], [ 121.606016965486305, 24.238778785905751 ], [ 121.606312378547798, 24.238781491791372 ], [ 121.606313361766198, 24.23869119828775 ], [ 121.606510304325496, 24.23869300219264 ], [ 121.606512270488693, 24.238512416088131 ], [ 121.606610741627094, 24.23851331749502 ], [ 121.6066136916467, 24.238242437877329 ], [ 121.6067121625764, 24.238243339222691 ], [ 121.606713145521596, 24.238153046618681 ], [ 121.606743806392501, 24.238153327083381 ], [ 121.606596518447404, 24.23784533504978 ], [ 121.606743889350398, 24.237111638541691 ], [ 121.606939988128602, 24.237110856689981 ], [ 121.6069406441257, 24.237249176835281 ], [ 121.6071526152692, 24.237414317994819 ], [ 121.607039800910698, 24.238065734258321 ], [ 121.607206481434204, 24.238067259795859 ], [ 121.607208446625805, 24.237886673687239 ], [ 121.607306917276901, 24.237887574653179 ], [ 121.607307899801199, 24.237797281146609 ], [ 121.607406370386997, 24.237798182952439 ], [ 121.607407352841904, 24.237707889445591 ], [ 121.607505823353705, 24.237708790285541 ], [ 121.607507789113896, 24.23752820416912 ], [ 121.607606258501903, 24.237529104950799 ], [ 121.607607241802896, 24.237438811438359 ], [ 121.607804181428506, 24.237440613710891 ], [ 121.607805163605903, 24.237350320202861 ], [ 121.608002104076704, 24.237352122218031 ], [ 121.607999156972895, 24.237623001835541 ], [ 121.607900686531195, 24.237622101313519 ], [ 121.607899704419395, 24.237712393914801 ], [ 121.607998174934906, 24.237713295338938 ], [ 121.607997192892697, 24.237803587938419 ], [ 121.6080956624929, 24.237804489302029 ], [ 121.608094680520296, 24.237894781899669 ], [ 121.608193151174603, 24.237895683194839 ], [ 121.608191186388396, 24.238076269292382 ], [ 121.608092716583997, 24.238075368897661 ], [ 121.608091733631397, 24.23816566239903 ], [ 121.607599381297803, 24.23816115767919 ], [ 121.607597415682505, 24.238341744682351 ], [ 121.607498944679904, 24.238340843008501 ], [ 121.607497962295298, 24.238431136507309 ], [ 121.607399491227397, 24.238430235673349 ], [ 121.607394577969302, 24.23888170225651 ], [ 121.607296106549597, 24.23888080045969 ], [ 121.607294140519002, 24.239061387450661 ], [ 121.607195668960102, 24.239060485591601 ], [ 121.607193703775593, 24.239241072575961 ], [ 121.606898289674405, 24.239238368422619 ], [ 121.606899214223702, 24.239153440167549 ], [ 121.606863091044104, 24.239147743377458 ], [ 121.606702589382294, 24.239122431346949 ], [ 121.606505964630401, 24.239091422270299 ], [ 121.606505386956499, 24.239144468797779 ] ] ] } },
{ "type": "Feature", "properties": { }, "geometry": { "type": "Polygon", "coordinates": [ [ [ 121.612756078892204, 24.234867064771318 ], [ 121.6133972167069, 24.23487290827055 ], [ 121.613400642861606, 24.23487179925144 ], [ 121.613550556502403, 24.23467754382305 ], [ 121.613730041458595, 24.23435867959018 ], [ 121.613941088379903, 24.23433016379489 ], [ 121.614077575318007, 24.234481767381531 ], [ 121.614003216267506, 24.234703383283112 ], [ 121.613443455796698, 24.23504884614394 ], [ 121.613442422203903, 24.23514422677226 ], [ 121.613343953715102, 24.235143329734441 ], [ 121.613342974441906, 24.235233623230009 ], [ 121.613244505883401, 24.23523272612923 ], [ 121.613243527525498, 24.235323019620569 ], [ 121.613145058897302, 24.235322122456811 ], [ 121.613143102042898, 24.235502709437881 ], [ 121.613044633275607, 24.235501812211918 ], [ 121.613043654779105, 24.23559210570167 ], [ 121.612945185942195, 24.235591208412739 ], [ 121.612944207376302, 24.235681501902199 ], [ 121.612845738469801, 24.235680604550311 ], [ 121.612844758850002, 24.23577089804348 ], [ 121.612746289873797, 24.235770000628591 ], [ 121.6127443324647, 24.23595058760537 ], [ 121.612645863345094, 24.235949689225421 ], [ 121.612644884571296, 24.23603998271301 ], [ 121.612349477016195, 24.236037289901699 ], [ 121.612352413963606, 24.235766409428919 ], [ 121.612450882940294, 24.23576730709873 ], [ 121.612452841751505, 24.235586720109229 ], [ 121.612551310589097, 24.235587617716831 ], [ 121.612553268277196, 24.235407030728648 ], [ 121.612356330880004, 24.23540523544667 ], [ 121.612358288846593, 24.235224648451251 ], [ 121.612456757406306, 24.23522554612563 ], [ 121.612458716219095, 24.235044959123631 ], [ 121.612557184639698, 24.235045856735809 ], [ 121.612558163484493, 24.234955563235971 ], [ 121.612755100186206, 24.23495735827067 ], [ 121.612756078892204, 24.234867064771318 ] ] ] } },
{ "type": "Feature", "properties": { }, "geometry": { "type": "Polygon", "coordinates": [ [ [ 121.612187790049504, 24.232784928015601 ], [ 121.612186810923703, 24.232875221543519 ], [ 121.612482211182794, 24.23287791481744 ], [ 121.612481232265495, 24.232968208342029 ], [ 121.612579699087803, 24.232969105971801 ], [ 121.612577741392599, 24.233149693016319 ], [ 121.612380807469904, 24.233147897696131 ], [ 121.612379828483498, 24.233238191218351 ], [ 121.612084427390101, 24.233235497762429 ], [ 121.612085406584995, 24.233145204237911 ], [ 121.611494604811597, 24.233139815600872 ], [ 121.611497543647701, 24.232868935007328 ], [ 121.611694477155794, 24.232870731479139 ], [ 121.611695456629107, 24.232780437947412 ], [ 121.612187790049504, 24.232784928015601 ] ] ] } },
{ "type": "Feature", "properties": { }, "geometry": { "type": "Polygon", "coordinates": [ [ [ 121.609537039535496, 24.232038315191041 ], [ 121.609535077529699, 24.23221890230359 ], [ 121.609338145973496, 24.232217103013351 ], [ 121.6093401082573, 24.232036515897779 ], [ 121.609537039535496, 24.232038315191041 ] ] ] } },
{ "type": "Feature", "properties": { }, "geometry": { "type": "Polygon", "coordinates": [ [ [ 121.613911593086399, 24.22819520809951 ], [ 121.613910615139204, 24.22828550257049 ], [ 121.614009078342406, 24.228286398445182 ], [ 121.614007123563198, 24.228466985572769 ], [ 121.613908660221, 24.228466089699619 ], [ 121.613906704318794, 24.228646676828539 ], [ 121.613808240833194, 24.228645779990359 ], [ 121.613807262812898, 24.22873607355401 ], [ 121.613511872151307, 24.228733383562339 ], [ 121.613515784082693, 24.228372209296179 ], [ 121.613614247355898, 24.228373105424911 ], [ 121.613616203675704, 24.228192518285141 ], [ 121.613911593086399, 24.22819520809951 ] ] ] } },
{ "type": "Feature", "properties": { }, "geometry": { "type": "Polygon", "coordinates": [ [ [ 121.612239677021094, 24.227999370473089 ], [ 121.612236740607599, 24.228270251215669 ], [ 121.612138277397605, 24.228269353291289 ], [ 121.612137298195705, 24.22835964687215 ], [ 121.611743445081103, 24.22835605544353 ], [ 121.611744424560797, 24.2282657618596 ], [ 121.611645961350206, 24.22826486361668 ], [ 121.611647920449101, 24.228084276444211 ], [ 121.611746382536197, 24.22808517469263 ], [ 121.611747362016402, 24.22799488110558 ], [ 121.612239677021094, 24.227999370473089 ] ] ] } },
{ "type": "Feature", "properties": { }, "geometry": { "type": "Polygon", "coordinates": [ [ [ 121.613946787611397, 24.22494463719465 ], [ 121.613943854726799, 24.225215518004539 ], [ 121.613845393880894, 24.22521462113713 ], [ 121.613843438818705, 24.225395209241601 ], [ 121.613351132916605, 24.225390725766491 ], [ 121.613350155528593, 24.225481019367582 ], [ 121.613054772367093, 24.22547832833742 ], [ 121.613055749963493, 24.225388034734021 ], [ 121.612957288977498, 24.225387137294849 ], [ 121.612958267628002, 24.22529684368569 ], [ 121.612859806715605, 24.225295947084891 ], [ 121.612861763171495, 24.225115359865882 ], [ 121.612960223944995, 24.225116256468201 ], [ 121.612961202595898, 24.225025962855909 ], [ 121.613355045419397, 24.225029550436929 ], [ 121.613356022808105, 24.224939256830631 ], [ 121.613946787611397, 24.22494463719465 ] ] ] } },
{ "type": "Feature", "properties": { }, "geometry": { "type": "Polygon", "coordinates": [ [ [ 121.625091301025805, 24.223329940942879 ], [ 121.625090331903493, 24.223420235378661 ], [ 121.626074932456206, 24.223429123286969 ], [ 121.626073963044107, 24.223519417717721 ], [ 121.626270883882995, 24.223521194711541 ], [ 121.626269914610006, 24.22361148913965 ], [ 121.626368375096504, 24.223612377088781 ], [ 121.6263654684671, 24.223883259457519 ], [ 121.626267008756898, 24.223882371506772 ], [ 121.626266039484605, 24.223972665930699 ], [ 121.626069118935703, 24.22397088894084 ], [ 121.626068149520293, 24.22406118246246 ], [ 121.625674307157993, 24.224057627725621 ], [ 121.625675276851197, 24.2239673342008 ], [ 121.625379895529903, 24.22396466702444 ], [ 121.625380864442803, 24.22387437259734 ], [ 121.625282404730697, 24.223873484009591 ], [ 121.625283373713202, 24.22378318958064 ], [ 121.624889533163199, 24.22377963279175 ], [ 121.624890502428002, 24.22368933926143 ], [ 121.624693582290902, 24.223687560483199 ], [ 121.624694551690396, 24.22359726604736 ], [ 121.624497631691497, 24.223595487012741 ], [ 121.624499571757795, 24.22341489903361 ], [ 121.624401112387005, 24.22341400896569 ], [ 121.624402081999804, 24.22332371542722 ], [ 121.625091301025805, 24.223329940942879 ] ] ] } },
{ "type": "Feature", "properties": { }, "geometry": { "type": "Polygon", "coordinates": [ [ [ 121.620394415562998, 24.220578368315529 ], [ 121.620391497187995, 24.22084925002596 ], [ 121.619800750634496, 24.220843896098721 ], [ 121.6198036702595, 24.22057301437416 ], [ 121.620394415562998, 24.220578368315529 ] ] ] } },
{ "type": "Feature", "properties": { }, "geometry": { "type": "Polygon", "coordinates": [ [ [ 121.626304787919807, 24.22036089818484 ], [ 121.626303818640494, 24.220451192649431 ], [ 121.626402276696297, 24.220452080626661 ], [ 121.626399371036896, 24.22072296400367 ], [ 121.626202455488595, 24.220721187083441 ], [ 121.626203423852303, 24.220630892625231 ], [ 121.626104965657305, 24.220630004522231 ], [ 121.626105935075103, 24.220539710058119 ], [ 121.626007476949297, 24.220538821890631 ], [ 121.626009414939901, 24.22035823296174 ], [ 121.626304787919807, 24.22036089818484 ] ] ] } },
{ "type": "Feature", "properties": { }, "geometry": { "type": "Polygon", "coordinates": [ [ [ 121.624636825858502, 24.219804023210369 ], [ 121.624633916441098, 24.220074905749609 ], [ 121.624535459644505, 24.220074016618771 ], [ 121.624534489110303, 24.22016431019798 ], [ 121.624337574392996, 24.22016253175083 ], [ 121.624340484434796, 24.21989164920754 ], [ 121.624438942077404, 24.219892538463331 ], [ 121.624439911697095, 24.2198022448842 ], [ 121.624636825858502, 24.219804023210369 ] ] ] } },
{ "type": "Feature", "properties": { }, "geometry": { "type": "Polygon", "coordinates": [ [ [ 121.625622367419496, 24.219722619246991 ], [ 121.625621398637406, 24.219812913720428 ], [ 121.625818312798998, 24.219814691420979 ], [ 121.625815405881497, 24.220085573931431 ], [ 121.6249292888036, 24.220077573654851 ], [ 121.624930258071302, 24.219987279178941 ], [ 121.624831801344598, 24.219986390238329 ], [ 121.624833740023703, 24.219805802184641 ], [ 121.624932197595996, 24.219806691122798 ], [ 121.624933166864196, 24.219716396643751 ], [ 121.625228538391795, 24.219719063985401 ], [ 121.625227569331997, 24.21980935846204 ], [ 121.625424483494996, 24.219811136672071 ], [ 121.625425453400496, 24.219720842192981 ], [ 121.625622367419496, 24.219722619246991 ] ] ] } },
{ "type": "Feature", "properties": { }, "geometry": { "type": "Polygon", "coordinates": [ [ [ 121.612767419516302, 24.242904081405619 ], [ 121.612765461282393, 24.24308466821995 ], [ 121.612666986671499, 24.243083769964141 ], [ 121.612666006992896, 24.243174063372489 ], [ 121.612469057636005, 24.243172267574021 ], [ 121.612471996104802, 24.242901387345231 ], [ 121.612767419516302, 24.242904081405619 ] ] ] } },
{ "type": "Feature", "properties": { }, "geometry": { "type": "Polygon", "coordinates": [ [ [ 121.610929739543593, 24.23981703657131 ], [ 121.610928758609006, 24.23990733003092 ], [ 121.610830286428893, 24.239906430537179 ], [ 121.610828326390404, 24.240087017446921 ], [ 121.610631381755994, 24.240085219174141 ], [ 121.610634323219998, 24.239814339702338 ], [ 121.610929739543593, 24.23981703657131 ] ] ] } },
{ "type": "Feature", "properties": { }, "geometry": { "type": "Polygon", "coordinates": [ [ [ 121.613687936519298, 24.239751887752149 ], [ 121.613686957530902, 24.239842181191449 ], [ 121.613785429633396, 24.239843077934442 ], [ 121.613783472780796, 24.240023664804411 ], [ 121.613980418252495, 24.240025458994999 ], [ 121.613979439473098, 24.240115752428871 ], [ 121.614077911788101, 24.240116649881191 ], [ 121.6140759553534, 24.2402972367403 ], [ 121.614174428787607, 24.240298133220499 ], [ 121.614173450147703, 24.240388426649709 ], [ 121.614271922670895, 24.240389323972241 ], [ 121.614270945085295, 24.24047961739566 ], [ 121.614369417673601, 24.240480513750772 ], [ 121.614367461657096, 24.240661100596931 ], [ 121.614268988929695, 24.240660204243341 ], [ 121.614267032774706, 24.24084079108685 ], [ 121.614463978511694, 24.240842584630101 ], [ 121.614462022635294, 24.241023171466349 ], [ 121.613871184588504, 24.24101779008085 ], [ 121.613872162451401, 24.240927496660611 ], [ 121.6137736895149, 24.24092659999058 ], [ 121.613779560066206, 24.240384839430739 ], [ 121.613681087542304, 24.240383941789482 ], [ 121.613684022536006, 24.240113061495151 ], [ 121.613487077909099, 24.240111266919669 ], [ 121.613488056051395, 24.24002097348594 ], [ 121.613389583809493, 24.240020076553229 ], [ 121.613391541218206, 24.23983948967712 ], [ 121.613490013321098, 24.239840386611359 ], [ 121.613490992448504, 24.23975009317051 ], [ 121.613687936519298, 24.239751887752149 ] ] ] } },
{ "type": "Feature", "properties": { }, "geometry": { "type": "Polygon", "coordinates": [ [ [ 121.613890749745295, 24.239211920543269 ], [ 121.613887815164603, 24.239482800864309 ], [ 121.6136908715158, 24.239481007435899 ], [ 121.613693806509204, 24.239210126207421 ], [ 121.613890749745295, 24.239211920543269 ] ] ] } },
{ "type": "Feature", "properties": { }, "geometry": { "type": "Polygon", "coordinates": [ [ [ 121.613009398627199, 24.238752378123859 ], [ 121.613006462167704, 24.23902325848124 ], [ 121.612809519207204, 24.239021462994931 ], [ 121.612810498822398, 24.238931169539349 ], [ 121.612712027413593, 24.238930272151251 ], [ 121.612713984813993, 24.238749685243349 ], [ 121.613009398627199, 24.238752378123859 ] ] ] } },
{ "type": "Feature", "properties": { }, "geometry": { "type": "Polygon", "coordinates": [ [ [ 121.611340287340497, 24.238285643231912 ], [ 121.611338327992698, 24.2384662301716 ], [ 121.611141385866205, 24.238464433411789 ], [ 121.611143345492096, 24.238283846469049 ], [ 121.611340287340497, 24.238285643231912 ] ] ] } },
{ "type": "Feature", "properties": { }, "geometry": { "type": "Polygon", "coordinates": [ [ [ 121.611599469927398, 24.241626951788419 ], [ 121.611209499851597, 24.241445032199561 ], [ 121.611305985031393, 24.24144591232357 ], [ 121.611307945355605, 24.241265325448801 ], [ 121.611406418577801, 24.24126622461241 ], [ 121.611411319535307, 24.240814757409019 ], [ 121.611312846665001, 24.240813859144509 ], [ 121.611313826335603, 24.240723565702311 ], [ 121.611018407923694, 24.240720868718231 ], [ 121.611017428044605, 24.2408111621627 ], [ 121.610918955173801, 24.24081026364318 ], [ 121.6109160143438, 24.241081143976579 ], [ 121.610817541260005, 24.241080244492711 ], [ 121.610816560257703, 24.241170537938491 ], [ 121.610718087108495, 24.241169639294501 ], [ 121.610717575619105, 24.241216791431452 ], [ 121.609955568919901, 24.241194443600481 ], [ 121.609945977101603, 24.241137852458628 ], [ 121.609930630828302, 24.241132295247819 ], [ 121.609933246777899, 24.240891563875319 ], [ 121.610031719723807, 24.240892463934419 ], [ 121.610033680872306, 24.24071187703133 ], [ 121.610132153674797, 24.24071277612536 ], [ 121.610136077668798, 24.240351603204669 ], [ 121.609939132615594, 24.240349804043991 ], [ 121.609942076522898, 24.240078924561729 ], [ 121.610040547854197, 24.24007982372871 ], [ 121.610041529414204, 24.23998953026436 ], [ 121.609943057167698, 24.239988631100559 ], [ 121.609946000087504, 24.239717750706831 ], [ 121.609847528049499, 24.239716851476999 ], [ 121.609854396013901, 24.239084798083422 ], [ 121.609952867565397, 24.239085697318551 ], [ 121.609957771786199, 24.23863423084379 ], [ 121.610056242989998, 24.23863513001897 ], [ 121.610058205129306, 24.238454543059731 ], [ 121.609959734064503, 24.238453643883059 ], [ 121.609965619921894, 24.237911883882649 ], [ 121.609867149269704, 24.2379109837348 ], [ 121.609868129991298, 24.237820691150691 ], [ 121.609966600569606, 24.237821590396429 ], [ 121.609968562850099, 24.237641003416911 ], [ 121.610067032304698, 24.23764190260437 ], [ 121.610070955608705, 24.237280729542661 ], [ 121.609972486432198, 24.237279830352179 ], [ 121.609974447729499, 24.237099243364089 ], [ 121.610072917751694, 24.237100142552141 ], [ 121.610073898330995, 24.23700984905728 ], [ 121.610172368287905, 24.237010749085229 ], [ 121.610175310802703, 24.236739868592739 ], [ 121.610273780546706, 24.236740767656329 ], [ 121.610274760987494, 24.236650474158811 ], [ 121.610471700340298, 24.236652272999201 ], [ 121.610472680642303, 24.236561979502159 ], [ 121.610571150246798, 24.23656287837607 ], [ 121.610574090944894, 24.236291997880951 ], [ 121.610672560340902, 24.23629289669341 ], [ 121.6106735405086, 24.236202604096601 ], [ 121.610772009834903, 24.23620350284607 ], [ 121.610773971007802, 24.236022915841129 ], [ 121.610872440194996, 24.23602381452838 ], [ 121.610873420219804, 24.235933521027071 ], [ 121.611168827576506, 24.235936217611599 ], [ 121.611167846775601, 24.236026511114581 ], [ 121.611266315962297, 24.236027409546889 ], [ 121.611263376722505, 24.23629829003541 ], [ 121.611164907323101, 24.236297390702511 ], [ 121.611163927507206, 24.236387684197361 ], [ 121.611065458042404, 24.236386785704351 ], [ 121.611064478157203, 24.23647707919892 ], [ 121.610966008622796, 24.236476180642931 ], [ 121.610965027683605, 24.236566474141171 ], [ 121.610866558079493, 24.236565575522221 ], [ 121.610865578055595, 24.236655869016211 ], [ 121.610767108377502, 24.236654969431392 ], [ 121.610766128284197, 24.236745262925108 ], [ 121.610667658540905, 24.23674436418019 ], [ 121.610666678378195, 24.236834657673619 ], [ 121.610568208565297, 24.236833758865721 ], [ 121.6105635300095, 24.237264602390489 ], [ 121.610584967557401, 24.23726038293632 ], [ 121.610619125512699, 24.237256080845771 ], [ 121.610654871869897, 24.237254080175809 ], [ 121.610691064720399, 24.237254442389428 ], [ 121.610726692776694, 24.23725715800073 ], [ 121.610760642850494, 24.237262116809319 ], [ 121.610792481279802, 24.237269232072862 ], [ 121.610821659998606, 24.23727837868385 ], [ 121.610847808218494, 24.237289439852589 ], [ 121.610881110307702, 24.23730778756374 ], [ 121.610913418093602, 24.237329682220381 ], [ 121.610942811157599, 24.23735381601286 ], [ 121.610968127917502, 24.237379223895939 ], [ 121.611153146587696, 24.237380912583731 ], [ 121.611150206156196, 24.23765179212867 ], [ 121.611051735718405, 24.237650893646279 ], [ 121.611050755834995, 24.23774118712625 ], [ 121.610884429298494, 24.23773966888697 ], [ 121.610866454863995, 24.23775608524323 ], [ 121.610815649282003, 24.23780024119457 ], [ 121.610765935252203, 24.23783771041953 ], [ 121.610717383418901, 24.237868438462002 ], [ 121.610670078220295, 24.23789237261628 ], [ 121.610635251936102, 24.237906256220121 ], [ 121.610596301001095, 24.237919131577051 ], [ 121.610554651916004, 24.23793052797026 ], [ 121.610511901685896, 24.237940007407559 ], [ 121.610469866166895, 24.237947185194319 ], [ 121.610429668040297, 24.2379518888898 ], [ 121.610392470534507, 24.237953982910469 ], [ 121.610359089733393, 24.237953424258421 ], [ 121.610352636973701, 24.238547534590062 ], [ 121.610451108107497, 24.23854843351101 ], [ 121.610448166225495, 24.238819313934069 ], [ 121.610349694883197, 24.23881841501538 ], [ 121.610346752789596, 24.239089294528451 ], [ 121.610248281238597, 24.23908839554829 ], [ 121.610240434783904, 24.239810742382691 ], [ 121.610338906895294, 24.239811642259671 ], [ 121.610336945172406, 24.239992228280158 ], [ 121.610435417422707, 24.23999312809185 ], [ 121.610426591793697, 24.240805768279671 ], [ 121.610525063680498, 24.24080666712188 ], [ 121.610524083453896, 24.24089696056912 ], [ 121.610622556394802, 24.240897859342869 ], [ 121.610623536556204, 24.240807566799269 ], [ 121.610722009427406, 24.240808465510021 ], [ 121.610724951660202, 24.24053758515873 ], [ 121.610823423342396, 24.24053848471484 ], [ 121.610824404345607, 24.24044819126178 ], [ 121.610922876938503, 24.24044908984806 ], [ 121.610923856887695, 24.24035879639866 ], [ 121.611022329415206, 24.240359695824861 ], [ 121.611023310279705, 24.240269402371219 ], [ 121.611121781748594, 24.24027030083548 ], [ 121.611122762543701, 24.24018000738155 ], [ 121.611221234932003, 24.240180906681751 ], [ 121.611223195398793, 24.24000031977625 ], [ 121.611321667643594, 24.24000121811137 ], [ 121.611327547649594, 24.23945945828115 ], [ 121.611426019477193, 24.2394603565571 ], [ 121.611426999080194, 24.239370063100012 ], [ 121.611525470838203, 24.23937096131294 ], [ 121.611526450376104, 24.23928066875844 ], [ 121.611624922064394, 24.239281566908438 ], [ 121.611625902513296, 24.239191273446821 ], [ 121.611724374131995, 24.239192171533809 ], [ 121.6117273133016, 24.238921291152909 ], [ 121.611825784716004, 24.238922190081329 ], [ 121.611826764041695, 24.238831896621029 ], [ 121.611925235382103, 24.238832794583551 ], [ 121.611926214638402, 24.238742501122971 ], [ 121.611827743367499, 24.238741603159681 ], [ 121.611829703004304, 24.238561016229902 ], [ 121.611731231872199, 24.23856011820132 ], [ 121.611733191648497, 24.238379531265839 ], [ 121.611634720650997, 24.238378632269129 ], [ 121.611635700116494, 24.238288338801031 ], [ 121.611537229192805, 24.23828744064269 ], [ 121.611540168783193, 24.238016560225919 ], [ 121.6116386395028, 24.238017459289431 ], [ 121.611640599419601, 24.237836872339908 ], [ 121.611542128839005, 24.237835973274869 ], [ 121.611545067451004, 24.237565093749311 ], [ 121.611249657327406, 24.23756239796672 ], [ 121.611254557036702, 24.237110930549701 ], [ 121.611353027057305, 24.237111828909171 ], [ 121.611354006733094, 24.23702153542418 ], [ 121.6117478865404, 24.237025129130561 ], [ 121.611748865938395, 24.23693483564757 ], [ 121.612044275585106, 24.23693753048612 ], [ 121.612043296395697, 24.237027823966809 ], [ 121.612141766345701, 24.237028721817129 ], [ 121.612140786241298, 24.237119015299971 ], [ 121.612239256260693, 24.237119913085781 ], [ 121.612238277210594, 24.23721020656286 ], [ 121.612336747303701, 24.23721110518705 ], [ 121.612335768323206, 24.237301398662321 ], [ 121.612434238481299, 24.23730229631914 ], [ 121.612431300764499, 24.237573176740359 ], [ 121.612332830397804, 24.237572279085839 ], [ 121.612331851417807, 24.237662572556939 ], [ 121.612430321854006, 24.237663470210691 ], [ 121.612429342943599, 24.237753763679979 ], [ 121.612527813449205, 24.237754661269239 ], [ 121.6125258547832, 24.237935248207119 ], [ 121.612427384138599, 24.237934350619391 ], [ 121.612424446424498, 24.238205231018711 ], [ 121.612325975571295, 24.23820433336952 ], [ 121.612322058666706, 24.23856550631951 ], [ 121.612223587535397, 24.238564608609629 ], [ 121.612220649406893, 24.238835488991612 ], [ 121.612122178066898, 24.238834591220311 ], [ 121.612119239731001, 24.23910547159517 ], [ 121.612020768177999, 24.239104572859521 ], [ 121.612019788991702, 24.23919486631517 ], [ 121.611822845754901, 24.23919307045993 ], [ 121.61182088612, 24.239373657375101 ], [ 121.612017829634794, 24.2393754532273 ], [ 121.612014891092798, 24.239646333585661 ], [ 121.611916419126899, 24.23964543569371 ], [ 121.611915438887195, 24.239735729147831 ], [ 121.6118169668474, 24.23973483029004 ], [ 121.611813048565807, 24.240096004087199 ], [ 121.611714576252098, 24.240095106071561 ], [ 121.611708696939402, 24.24063686674651 ], [ 121.6118071696702, 24.240637764757562 ], [ 121.611803251393695, 24.24099893851298 ], [ 121.611901724402401, 24.24099983645721 ], [ 121.6119007441647, 24.241090129895682 ], [ 121.611999217247103, 24.241091028678301 ], [ 121.611997257895595, 24.24127161554658 ], [ 121.611898784674096, 24.241270716765481 ], [ 121.611897805421407, 24.24136101019684 ], [ 121.611799332134595, 24.241360112255649 ], [ 121.611798351827801, 24.241450405690689 ], [ 121.611699878466993, 24.241449506783599 ], [ 121.611698899075506, 24.241539800214412 ], [ 121.611600425649399, 24.241538902147219 ], [ 121.611599469927398, 24.241626951788419 ] ] ] } },
{ "type": "Feature", "properties": { }, "geometry": { "type": "Polygon", "coordinates": [ [ [ 121.613319491622207, 24.237400667634589 ], [ 121.613318513337006, 24.237490961100089 ], [ 121.613416983637194, 24.237491859020881 ], [ 121.613415026221503, 24.237672445951251 ], [ 121.612824203601704, 24.237667061091219 ], [ 121.6128271404842, 24.2373961806823 ], [ 121.613319491622207, 24.237400667634589 ] ] ] } },
{ "type": "Feature", "properties": { }, "geometry": { "type": "Polygon", "coordinates": [ [ [ 121.611660192712094, 24.236031003541701 ], [ 121.611656273849107, 24.236392176613229 ], [ 121.611557804384901, 24.236391278438902 ], [ 121.611554865772206, 24.236662158908061 ], [ 121.611259456749096, 24.236659463106601 ], [ 121.611261416245398, 24.23647887702651 ], [ 121.611359885779507, 24.236479775391299 ], [ 121.611364785148794, 24.236028307915468 ], [ 121.611660192712094, 24.236031003541701 ] ] ] } },
{ "type": "Feature", "properties": { }, "geometry": { "type": "Polygon", "coordinates": [ [ [ 121.610185117884996, 24.23583693445805 ], [ 121.610183155877607, 24.236017521476271 ], [ 121.609986218486, 24.23601572314179 ], [ 121.609988179786697, 24.235835136124479 ], [ 121.610185117884996, 24.23583693445805 ] ] ] } },
{ "type": "Feature", "properties": { }, "geometry": { "type": "Polygon", "coordinates": [ [ [ 121.6108146250495, 24.241260822572531 ], [ 121.6108155802401, 24.241260831379272 ], [ 121.610815575420602, 24.241261265691129 ], [ 121.6108146250495, 24.241260822572531 ] ] ] } },
{ "type": "Feature", "properties": { }, "geometry": { "type": "Polygon", "coordinates": [ [ [ 121.621998227847698, 24.227094693135509 ], [ 121.621997256575, 24.227184986649259 ], [ 121.622095718867101, 24.227185878212701 ], [ 121.622091831111106, 24.22754705407193 ], [ 121.621796442420504, 24.22754438010681 ], [ 121.621797414811596, 24.22745408568877 ], [ 121.621502025343403, 24.227451411151939 ], [ 121.621504942167206, 24.227180529694191 ], [ 121.621800331010206, 24.227183204238131 ], [ 121.621801302417396, 24.22709290981993 ], [ 121.621998227847698, 24.227094693135509 ] ] ] } },
{ "type": "Feature", "properties": { }, "geometry": { "type": "Polygon", "coordinates": [ [ [ 121.594641253046305, 24.243369850869129 ], [ 121.594639269224501, 24.24355043703823 ], [ 121.594442320962202, 24.243548617003508 ], [ 121.594444305066403, 24.243368031734441 ], [ 121.594641253046305, 24.243369850869129 ] ] ] } },
{ "type": "Feature", "properties": { }, "geometry": { "type": "Polygon", "coordinates": [ [ [ 121.597796385357299, 24.243037753671519 ], [ 121.597794405980196, 24.24321833890005 ], [ 121.597695931149005, 24.243217431858572 ], [ 121.597697911645696, 24.24303684572185 ], [ 121.597796385357299, 24.243037753671519 ] ] ] } },
{ "type": "Feature", "properties": { }, "geometry": { "type": "Polygon", "coordinates": [ [ [ 121.596926955832402, 24.24149460601646 ], [ 121.596922994570306, 24.241855776566361 ], [ 121.596726047972695, 24.241853960343729 ], [ 121.596727038919497, 24.241763667704429 ], [ 121.596628566184506, 24.24176275994628 ], [ 121.596631537260293, 24.241491881124851 ], [ 121.596926955832402, 24.24149460601646 ] ] ] } },
{ "type": "Feature", "properties": { }, "geometry": { "type": "Polygon", "coordinates": [ [ [ 121.596643422563105, 24.240408367546991 ], [ 121.596642432530302, 24.24049866019881 ], [ 121.596740904292105, 24.240499567967049 ], [ 121.596738923385402, 24.24068015417285 ], [ 121.596640451480397, 24.240679245503159 ], [ 121.596639461452099, 24.24076953905471 ], [ 121.596442516522501, 24.240767722432281 ], [ 121.5964435076787, 24.240677429778302 ], [ 121.596345035773496, 24.240676520917368 ], [ 121.596347016255805, 24.240495935612561 ], [ 121.596445489002406, 24.240496843568192 ], [ 121.596446479174205, 24.24040655091493 ], [ 121.596643422563105, 24.240408367546991 ] ] ] } },
{ "type": "Feature", "properties": { }, "geometry": { "type": "Polygon", "coordinates": [ [ [ 121.602669940128905, 24.238657786766879 ], [ 121.602666981765694, 24.23892866555515 ], [ 121.602470039766004, 24.23892685667894 ], [ 121.602469052852499, 24.23901715021227 ], [ 121.602075168573805, 24.239013531697879 ], [ 121.602074182367005, 24.239103825229218 ], [ 121.601877240088101, 24.239102015591051 ], [ 121.601875266407902, 24.239282601754539 ], [ 121.601776795623806, 24.239281697290799 ], [ 121.601775809204497, 24.239371989918329 ], [ 121.601381923815296, 24.239368370533811 ], [ 121.601384884883601, 24.239097490829622 ], [ 121.601483355533404, 24.239098396452679 ], [ 121.601484343141905, 24.23900810291304 ], [ 121.601582813722004, 24.239009008473079 ], [ 121.601583800276501, 24.238918714937039 ], [ 121.601879213768697, 24.238921429423389 ], [ 121.601880200118899, 24.23883113679139 ], [ 121.601978671540095, 24.238832041191159 ], [ 121.601979657820905, 24.23874174855883 ], [ 121.602176599539405, 24.238743557172519 ], [ 121.602177585681204, 24.23865326454062 ], [ 121.602669940128905, 24.238657786766879 ] ] ] } },
{ "type": "Feature", "properties": { }, "geometry": { "type": "Polygon", "coordinates": [ [ [ 121.603560119380305, 24.238304749009 ], [ 121.603557162896806, 24.23857562869275 ], [ 121.603458691685802, 24.238574725310649 ], [ 121.603457706447301, 24.23866501793399 ], [ 121.603063823288906, 24.238661402860359 ], [ 121.603065794317601, 24.238480816703841 ], [ 121.603164265459597, 24.23848172034165 ], [ 121.603165250906699, 24.238391427713999 ], [ 121.603263721979104, 24.238392331288821 ], [ 121.603264707352594, 24.238302037758 ], [ 121.603560119380305, 24.238304749009 ] ] ] } },
{ "type": "Feature", "properties": { }, "geometry": { "type": "Polygon", "coordinates": [ [ [ 121.596582586594593, 24.236976330874821 ], [ 121.596579616283705, 24.23724720985123 ], [ 121.596284207515694, 24.237244484995951 ], [ 121.596283217202298, 24.237334777687199 ], [ 121.595987808229296, 24.237332053163321 ], [ 121.595989790253697, 24.237151466868731 ], [ 121.596088259448393, 24.237152376012691 ], [ 121.596089249896707, 24.23706208241504 ], [ 121.596187719021898, 24.237062991496 ], [ 121.596188710389598, 24.23697269879704 ], [ 121.596582586594593, 24.236976330874821 ] ] ] } },
{ "type": "Feature", "properties": { }, "geometry": { "type": "Polygon", "coordinates": [ [ [ 121.595208974266399, 24.236512147909171 ], [ 121.595206001031201, 24.236783026028569 ], [ 121.5949105933026, 24.236780298485609 ], [ 121.594912576861006, 24.23659971306558 ], [ 121.595011045635303, 24.236600622012041 ], [ 121.595012036852793, 24.236510329303108 ], [ 121.595208974266399, 24.236512147909171 ] ] ] } },
{ "type": "Feature", "properties": { }, "geometry": { "type": "Polygon", "coordinates": [ [ [ 121.597573217506906, 24.236443651363359 ], [ 121.597570248295, 24.236714530340748 ], [ 121.597373310611104, 24.236712715699689 ], [ 121.597371330527807, 24.236893301081661 ], [ 121.597469799508801, 24.236894208432609 ], [ 121.597467820553703, 24.23707479470799 ], [ 121.597369351429506, 24.23707388645559 ], [ 121.597368361884705, 24.23716418004387 ], [ 121.597269891706304, 24.237163271732339 ], [ 121.597268902092097, 24.237253565320291 ], [ 121.597071963569604, 24.237251749402631 ], [ 121.597070972827495, 24.237342042091971 ], [ 121.5968740341699, 24.237340226823651 ], [ 121.596875024066307, 24.237249934136742 ], [ 121.596776554802702, 24.237249025503399 ], [ 121.596779525685506, 24.236978147430332 ], [ 121.596877994736403, 24.23697905516298 ], [ 121.596879974529898, 24.236798469779728 ], [ 121.596978444426398, 24.2367993774462 ], [ 121.596979434253797, 24.236709084753759 ], [ 121.597176371938204, 24.236710899904679 ], [ 121.597177361626606, 24.236620607212611 ], [ 121.597275831383897, 24.236621514689361 ], [ 121.597276821002893, 24.236531221996959 ], [ 121.597375289705894, 24.236532129414549 ], [ 121.597376279255499, 24.236441836721831 ], [ 121.597573217506906, 24.236443651363359 ] ] ] } },
{ "type": "Feature", "properties": { }, "geometry": { "type": "Polygon", "coordinates": [ [ [ 121.5920669163676, 24.235670394024801 ], [ 121.592061948868704, 24.236121857716832 ], [ 121.591963480435794, 24.2361209459519 ], [ 121.591962487063597, 24.236211238687101 ], [ 121.591568613069896, 24.236207594604419 ], [ 121.5915696067201, 24.236117301866379 ], [ 121.591471138290999, 24.23611639068568 ], [ 121.591473126715101, 24.235935805201208 ], [ 121.591571595005206, 24.235936716383321 ], [ 121.591573582305898, 24.235756130899951 ], [ 121.591672050456907, 24.235757042019731 ], [ 121.591673044037805, 24.235666749277168 ], [ 121.5920669163676, 24.235670394024801 ] ] ] } },
{ "type": "Feature", "properties": { }, "geometry": { "type": "Polygon", "coordinates": [ [ [ 121.599262014597201, 24.235104674317089 ], [ 121.599260038136407, 24.235285259705211 ], [ 121.599161569423302, 24.235284353492261 ], [ 121.599159592828101, 24.235464939780531 ], [ 121.598962656108199, 24.235463127162511 ], [ 121.598961667669698, 24.235553419855101 ], [ 121.598863199732406, 24.23555251344926 ], [ 121.5988622112244, 24.235642806141541 ], [ 121.598763743217603, 24.235641899672711 ], [ 121.598762753655606, 24.23573219236853 ], [ 121.598664285579204, 24.2357312858367 ], [ 121.598663296932401, 24.235821578528331 ], [ 121.598466359655703, 24.235819765278801 ], [ 121.598469326993694, 24.235548886289639 ], [ 121.598567794931299, 24.235549792950401 ], [ 121.598568783647806, 24.235459500254901 ], [ 121.598667252500505, 24.23546040684877 ], [ 121.598668241147607, 24.23537011415296 ], [ 121.598865176744397, 24.23537192715871 ], [ 121.598866165252602, 24.235281634463309 ], [ 121.598964633966006, 24.235282540867459 ], [ 121.598965622404805, 24.235192248171721 ], [ 121.599064090064005, 24.235193154516729 ], [ 121.599065078433398, 24.2351028618207 ], [ 121.599262014597201, 24.235104674317089 ] ] ] } },
{ "type": "Feature", "properties": { }, "geometry": { "type": "Polygon", "coordinates": [ [ [ 121.597204087157294, 24.234182698699399 ], [ 121.597198149019306, 24.234724455908189 ], [ 121.597099680721399, 24.234723548352552 ], [ 121.5970986909619, 24.234813841067261 ], [ 121.596901756196104, 24.234812025758519 ], [ 121.596902746094599, 24.23472173304237 ], [ 121.596804278781093, 24.234720825291699 ], [ 121.5968072486815, 24.234449946231901 ], [ 121.596708781576396, 24.23444903841532 ], [ 121.596710761652105, 24.23426845297071 ], [ 121.596809228618298, 24.23426936078873 ], [ 121.596810218586796, 24.234179068065568 ], [ 121.597204087157294, 24.234182698699399 ] ] ] } },
{ "type": "Feature", "properties": { }, "geometry": { "type": "Polygon", "coordinates": [ [ [ 121.592583904593596, 24.224477732166729 ], [ 121.592708597859001, 24.22447888468956 ], [ 121.592855059086901, 24.224507741781871 ], [ 121.592875792460305, 24.22454824365467 ], [ 121.592882413995198, 24.22475139723344 ], [ 121.592876305495494, 24.224751340660742 ], [ 121.592875313655895, 24.224841633518029 ], [ 121.592776853916106, 24.22484072391611 ], [ 121.592775861022503, 24.22493101677691 ], [ 121.592480481586094, 24.224928285785371 ], [ 121.592479489468701, 24.225018578643411 ], [ 121.592282569706597, 24.22501675796628 ], [ 121.592283561962802, 24.224926465106819 ], [ 121.592185102149003, 24.22492555422053 ], [ 121.592187087785106, 24.22474496849323 ], [ 121.592285547459994, 24.224745879380912 ], [ 121.592286540700997, 24.22465558651448 ], [ 121.592385000302201, 24.2246564964363 ], [ 121.592385992489199, 24.224566203573371 ], [ 121.592582911560797, 24.224568025033101 ], [ 121.592583904593596, 24.224477732166729 ] ] ] } },
{ "type": "Feature", "properties": { }, "geometry": { "type": "Polygon", "coordinates": [ [ [ 121.591333733902701, 24.22175710864542 ], [ 121.591330754059797, 24.222027987355439 ], [ 121.591232296467794, 24.222027075809521 ], [ 121.591231302461196, 24.222117368714041 ], [ 121.591132845788295, 24.222116458004201 ], [ 121.591131851712206, 24.22220675090837 ], [ 121.5909349362543, 24.22220492840383 ], [ 121.5909359304692, 24.22211463549824 ], [ 121.5908374728116, 24.222113724601169 ], [ 121.590840453696003, 24.22184284588371 ], [ 121.590938911145201, 24.221843756782889 ], [ 121.590939904375801, 24.221753463876951 ], [ 121.591333733902701, 24.22175710864542 ] ] ] } },
{ "type": "Feature", "properties": { }, "geometry": { "type": "Polygon", "coordinates": [ [ [ 121.600687686988806, 24.239813498002061 ], [ 121.600490743595202, 24.239811686590809 ], [ 121.600491496855099, 24.2397428585356 ], [ 121.600103538678297, 24.23968309926483 ], [ 121.599667179706998, 24.239919966881988 ], [ 121.599427117209302, 24.240197557364759 ], [ 121.599425756490902, 24.239907085578881 ], [ 121.599861791668999, 24.239601058053498 ], [ 121.600193269126393, 24.23951675784588 ], [ 121.600493553023, 24.239554885449159 ], [ 121.600493706543205, 24.239540807785389 ], [ 121.600690649519805, 24.239542619201039 ], [ 121.600690513228997, 24.239555118533762 ], [ 121.601053104741993, 24.23951336453786 ], [ 121.601174108453506, 24.239582048471249 ], [ 121.601023910294103, 24.239720963607741 ], [ 121.600688459920207, 24.23974279997153 ], [ 121.600687686988806, 24.239813498002061 ] ] ] } },
{ "type": "Feature", "properties": { }, "geometry": { "type": "Polygon", "coordinates": [ [ [ 121.595434652873706, 24.233895472800079 ], [ 121.595561810090899, 24.233896646610919 ], [ 121.596121659086407, 24.234107985010869 ], [ 121.596120949319797, 24.234172711097109 ], [ 121.596219416216897, 24.234173619298218 ], [ 121.596218425835701, 24.234263912928569 ], [ 121.596316892802193, 24.234264821065231 ], [ 121.596314912170499, 24.23444540651559 ], [ 121.596216445064996, 24.234444498380391 ], [ 121.596214464294704, 24.234625083828028 ], [ 121.596115997050106, 24.234624175630518 ], [ 121.596115006595596, 24.234714468353499 ], [ 121.596016538296794, 24.23471356009685 ], [ 121.596015547772794, 24.2348038528195 ], [ 121.5959170803891, 24.234802944495961 ], [ 121.595916089795693, 24.234893237218291 ], [ 121.595817622342494, 24.234892328831769 ], [ 121.595816631679696, 24.234982621553758 ], [ 121.595718164156807, 24.234981713104212 ], [ 121.595717173424603, 24.235072005825899 ], [ 121.595618704847595, 24.235071097317189 ], [ 121.595616723248597, 24.235251683661719 ], [ 121.596010595158305, 24.235255317319961 ], [ 121.5960086131266, 24.23543590275553 ], [ 121.595910145256497, 24.235434994437039 ], [ 121.595907173482303, 24.235705873481841 ], [ 121.595808705403599, 24.23570496510176 ], [ 121.595803751108903, 24.236156428658159 ], [ 121.5956068142563, 24.236154611714039 ], [ 121.595605822470901, 24.236244904426719 ], [ 121.595507353974995, 24.236243995859759 ], [ 121.595506363104803, 24.236334288568258 ], [ 121.595210957404007, 24.23633156158429 ], [ 121.595214921719304, 24.235970390735449 ], [ 121.595313390991507, 24.235971299491911 ], [ 121.595314382001007, 24.235881006777799 ], [ 121.595412850219006, 24.23588191547509 ], [ 121.5954138411591, 24.235791622760651 ], [ 121.595512309307594, 24.235792531394932 ], [ 121.595515282904401, 24.23552165324368 ], [ 121.595318346039605, 24.23551983591096 ], [ 121.595322311059903, 24.235158664120661 ], [ 121.595223843397704, 24.235157755353899 ], [ 121.595222852318201, 24.235248048077079 ], [ 121.595124384586398, 24.235247139247299 ], [ 121.595123392452905, 24.23533743197401 ], [ 121.595024924651597, 24.23533652308123 ], [ 121.595023933433097, 24.235426815803759 ], [ 121.594925465562298, 24.235425906847951 ], [ 121.594923482986701, 24.2356064922913 ], [ 121.594825014976806, 24.235605583273209 ], [ 121.594823031277897, 24.235786168717649 ], [ 121.594724563128906, 24.23578525963725 ], [ 121.594723571702403, 24.235875552356699 ], [ 121.594526635265197, 24.235873734006159 ], [ 121.594525643699797, 24.235964026725981 ], [ 121.594328707119203, 24.23596220721906 ], [ 121.594327714434399, 24.236052500846 ], [ 121.594130777714497, 24.23605068108558 ], [ 121.594129785871203, 24.23614097380619 ], [ 121.593932849016198, 24.23613915469512 ], [ 121.593931857033994, 24.236229447416129 ], [ 121.593833388536893, 24.236228537765701 ], [ 121.593831403449101, 24.236409123209821 ], [ 121.593732934812905, 24.236408213497089 ], [ 121.593731942691903, 24.236498506216378 ], [ 121.593633473986202, 24.236497596440671 ], [ 121.593632481795694, 24.236587889159608 ], [ 121.593534013016296, 24.236586978417961 ], [ 121.593533020756396, 24.236677271136589 ], [ 121.593434551911599, 24.2366763612348 ], [ 121.593433558597596, 24.23676665395692 ], [ 121.593335089683194, 24.23676574399212 ], [ 121.593334097284497, 24.23685603671008 ], [ 121.593038690328299, 24.23685330553252 ], [ 121.593040676527494, 24.236672720087459 ], [ 121.5926468011465, 24.23666907882323 ], [ 121.592649779802798, 24.236398200645041 ], [ 121.592945185713205, 24.236400931695201 ], [ 121.592946178390207, 24.236310638969179 ], [ 121.593143115528605, 24.236312460254901 ], [ 121.593144109051394, 24.23622216752543 ], [ 121.593341046046405, 24.236223987654789 ], [ 121.593342038445599, 24.236133694929521 ], [ 121.593440506873506, 24.23613460489932 ], [ 121.593441499203294, 24.2360443121737 ], [ 121.593539967561597, 24.236045222080481 ], [ 121.593540959821993, 24.235954929354531 ], [ 121.593639428110805, 24.235955839198301 ], [ 121.5936414134773, 24.235775253740869 ], [ 121.593739881627002, 24.235776163522331 ], [ 121.593740873748501, 24.235685870794679 ], [ 121.593839341832904, 24.235686781415989 ], [ 121.593840333880806, 24.235596487785141 ], [ 121.593938801895604, 24.23559739834343 ], [ 121.593939793878306, 24.235507105615131 ], [ 121.594038261819307, 24.23550801520749 ], [ 121.594043222366807, 24.235056550647201 ], [ 121.594141689964502, 24.23505746108231 ], [ 121.594143673648603, 24.234876874712111 ], [ 121.594242141107202, 24.234877785084901 ], [ 121.594244124652604, 24.23469719871197 ], [ 121.594342591968001, 24.234698108119591 ], [ 121.594343584658006, 24.23460781537986 ], [ 121.594540519153895, 24.234609634908239 ], [ 121.594545476982802, 24.234158170317411 ], [ 121.594643943881096, 24.234159079538141 ], [ 121.594644935378398, 24.23406878679814 ], [ 121.594940336848893, 24.23407151407628 ], [ 121.594939344575394, 24.234161806818001 ], [ 121.595037812462195, 24.23416271668286 ], [ 121.5950368212429, 24.23425300941895 ], [ 121.595135288210301, 24.234253918320331 ], [ 121.595136279360105, 24.234163625584952 ], [ 121.595234746257901, 24.234164534423321 ], [ 121.595235737338399, 24.234074241687619 ], [ 121.595334204166605, 24.234075150462981 ], [ 121.595335195173405, 24.23398485682408 ], [ 121.595433661936298, 24.233985766439329 ], [ 121.595434652873706, 24.233895472800079 ] ] ] } },
{ "type": "Feature", "properties": { }, "geometry": { "type": "Polygon", "coordinates": [ [ [ 121.469603328002904, 24.224013512897809 ], [ 121.469602249191993, 24.224103800111561 ], [ 121.469700702204406, 24.224104790316009 ], [ 121.469698543739099, 24.22428536564556 ], [ 121.469796997875406, 24.224286355782521 ], [ 121.469793760876996, 24.224557219217779 ], [ 121.469596852191501, 24.224555239785332 ], [ 121.469597931985504, 24.224464951670889 ], [ 121.469401023440298, 24.224462971982948 ], [ 121.469402103376098, 24.224372684769609 ], [ 121.469303649171906, 24.22437169437827 ], [ 121.469306887209697, 24.22410083093105 ], [ 121.469405341202304, 24.224101820420621 ], [ 121.469406421136696, 24.224011533203061 ], [ 121.469603328002904, 24.224013512897809 ] ] ] } },
{ "type": "Feature", "properties": { }, "geometry": { "type": "Polygon", "coordinates": [ [ [ 121.664604997967501, 24.20182809480302 ], [ 121.664604056491001, 24.201918390955949 ], [ 121.664702501908494, 24.20191925356259 ], [ 121.664699679652998, 24.202190141100981 ], [ 121.664305898128504, 24.202186689396271 ], [ 121.664306839812198, 24.202096393243739 ], [ 121.6642083942548, 24.202095530384341 ], [ 121.6642102767822, 24.20191493898151 ], [ 121.6643087212165, 24.20191580184699 ], [ 121.664309662905794, 24.201825506594211 ], [ 121.664604997967501, 24.20182809480302 ] ] ] } },
{ "type": "Feature", "properties": { }, "geometry": { "type": "Polygon", "coordinates": [ [ [ 121.664902213604805, 24.201650091949858 ], [ 121.664900333031099, 24.201830683341939 ], [ 121.664703442335906, 24.20182895831773 ], [ 121.664705324166803, 24.201648366014862 ], [ 121.664902213604805, 24.201650091949858 ] ] ] } },
{ "type": "Feature", "properties": { }, "geometry": { "type": "Polygon", "coordinates": [ [ [ 121.665005360888003, 24.201199475418729 ], [ 121.665002540233701, 24.201470362969609 ], [ 121.664904095164104, 24.201469500549329 ], [ 121.664903154874096, 24.20155979579652 ], [ 121.664706264595196, 24.201558070766861 ], [ 121.6647090868573, 24.201287183206659 ], [ 121.664807531788796, 24.20128804575603 ], [ 121.664808472144401, 24.201197749601931 ], [ 121.665005360888003, 24.201199475418729 ] ] ] } },
{ "type": "Feature", "properties": { }, "geometry": { "type": "Polygon", "coordinates": [ [ [ 121.665713272587695, 24.19939959376854 ], [ 121.665710452386605, 24.199670481366969 ], [ 121.665612008706702, 24.199669619373921 ], [ 121.665611068900603, 24.199759915538429 ], [ 121.665414182380701, 24.19975819045613 ], [ 121.665417002220707, 24.19948730285692 ], [ 121.665515445767198, 24.19948816588192 ], [ 121.665516385643599, 24.19939786971339 ], [ 121.665713272587695, 24.19939959376854 ] ] ] } },
{ "type": "Feature", "properties": { }, "geometry": { "type": "Polygon", "coordinates": [ [ [ 121.636358074028195, 24.219457933649821 ], [ 121.636356151600296, 24.219638522426219 ], [ 121.636060778586696, 24.21963587667803 ], [ 121.636062702415799, 24.219455287892529 ], [ 121.636358074028195, 24.219457933649821 ] ] ] } },
{ "type": "Feature", "properties": { }, "geometry": { "type": "Polygon", "coordinates": [ [ [ 121.634108963289606, 24.21799292389608 ], [ 121.634107037660797, 24.21817351274386 ], [ 121.634008581425505, 24.21817262971307 ], [ 121.634007618542, 24.218262924136219 ], [ 121.633810704943102, 24.218261156986461 ], [ 121.633813594995402, 24.217990273704832 ], [ 121.634108963289606, 24.21799292389608 ] ] ] } },
{ "type": "Feature", "properties": { }, "geometry": { "type": "Polygon", "coordinates": [ [ [ 121.636211157112001, 24.214760849878729 ], [ 121.636208273024593, 24.21503173411211 ], [ 121.636109819223805, 24.215030852389649 ], [ 121.636105973493301, 24.21539203015239 ], [ 121.636007519414605, 24.215391148369569 ], [ 121.636005595431797, 24.215571738153351 ], [ 121.635710232777896, 24.21556909242781 ], [ 121.635712156192795, 24.215388502643169 ], [ 121.635810610272102, 24.215389384617019 ], [ 121.635814456831199, 24.215028205941429 ], [ 121.635912910632698, 24.215029087854919 ], [ 121.635915795349305, 24.214758204516961 ], [ 121.636211157112001, 24.214760849878729 ] ] ] } },
{ "type": "Feature", "properties": { }, "geometry": { "type": "Polygon", "coordinates": [ [ [ 121.639316596513794, 24.21903288420614 ], [ 121.639315636397299, 24.219123178579181 ], [ 121.639414094299596, 24.219124058158531 ], [ 121.639412175195005, 24.219304647798548 ], [ 121.639116803035193, 24.219302007963339 ], [ 121.639119681827395, 24.219031123947708 ], [ 121.639316596513794, 24.21903288420614 ] ] ] } },
{ "type": "Feature", "properties": { }, "geometry": { "type": "Polygon", "coordinates": [ [ [ 121.636872465920504, 24.21738556479508 ], [ 121.636871505048603, 24.21747585920361 ], [ 121.636969960726603, 24.217476741297109 ], [ 121.636968039122294, 24.217657330109361 ], [ 121.636869583309903, 24.217656448920419 ], [ 121.636868622438598, 24.217746743325819 ], [ 121.636671709689693, 24.21774498076266 ], [ 121.636672670699895, 24.21765468635558 ], [ 121.636574214882302, 24.217653804072729 ], [ 121.636576138026498, 24.217473215249701 ], [ 121.636674593700704, 24.217474096631332 ], [ 121.636675554711502, 24.21738380222115 ], [ 121.636872465920504, 24.21738556479508 ] ] ] } },
{ "type": "Feature", "properties": { }, "geometry": { "type": "Polygon", "coordinates": [ [ [ 121.636479604647107, 24.217291744076739 ], [ 121.636476720218198, 24.21756262821927 ], [ 121.636279808729796, 24.217560865139209 ], [ 121.636282692590797, 24.21728998099579 ], [ 121.636479604647107, 24.217291744076739 ] ] ] } },
{ "type": "Feature", "properties": { }, "geometry": { "type": "Polygon", "coordinates": [ [ [ 121.635794261448595, 24.21692439358068 ], [ 121.635789452287099, 24.217375866591588 ], [ 121.635690996675905, 24.21737498373308 ], [ 121.635690034975298, 24.217465279054441 ], [ 121.635493122633406, 24.217463514055041 ], [ 121.635494084477301, 24.217373219634911 ], [ 121.63539562887, 24.217372337488239 ], [ 121.635399477505601, 24.217011158886979 ], [ 121.635497932835193, 24.21701204103692 ], [ 121.635498894680197, 24.21692174661159 ], [ 121.635794261448595, 24.21692439358068 ] ] ] } },
{ "type": "Feature", "properties": { }, "geometry": { "type": "Polygon", "coordinates": [ [ [ 121.650511243411103, 24.203239068687861 ], [ 121.650509342585806, 24.203419659397209 ], [ 121.650312451133303, 24.203417914912499 ], [ 121.650314353220494, 24.203237324195481 ], [ 121.650511243411103, 24.203239068687861 ] ] ] } },
{ "type": "Feature", "properties": { }, "geometry": { "type": "Polygon", "coordinates": [ [ [ 121.650810382959406, 24.20288050306231 ], [ 121.650809431769304, 24.202970798423259 ], [ 121.650907877149805, 24.202971670835009 ], [ 121.650906927013693, 24.203061966189821 ], [ 121.651202263352502, 24.203064581234909 ], [ 121.651199412585896, 24.203335467289481 ], [ 121.651002521275799, 24.203333723694019 ], [ 121.651001570225802, 24.203424019048011 ], [ 121.650706234037301, 24.203421403627349 ], [ 121.650707184311102, 24.203331108274959 ], [ 121.650608738657098, 24.20333023664227 ], [ 121.650610640328594, 24.203149645928399 ], [ 121.650512194808499, 24.20314877332746 ], [ 121.650514096619801, 24.202968182607691 ], [ 121.650612541016699, 24.202969055214549 ], [ 121.650613492345599, 24.202878759851881 ], [ 121.650810382959406, 24.20288050306231 ] ] ] } },
{ "type": "Feature", "properties": { }, "geometry": { "type": "Polygon", "coordinates": [ [ [ 121.619016009516301, 24.220565871919419 ], [ 121.619015036083397, 24.2206561664355 ], [ 121.619113493375494, 24.22065705912738 ], [ 121.619111545660104, 24.220837647255991 ], [ 121.619210004075399, 24.220838539878631 ], [ 121.619209029792998, 24.220928833491151 ], [ 121.619307488281905, 24.220929726952189 ], [ 121.619306514069095, 24.2210200205629 ], [ 121.619404972622903, 24.22102091305657 ], [ 121.619403998484003, 24.22111120756832 ], [ 121.619502457107203, 24.221112099997541 ], [ 121.619501483033503, 24.221202393604582 ], [ 121.6195999417303, 24.221203286872189 ], [ 121.619598967726304, 24.221293580477411 ], [ 121.619697426492394, 24.22129447368053 ], [ 121.619696452557903, 24.221384767283929 ], [ 121.619893369239605, 24.221386552598709 ], [ 121.619892396428796, 24.221476846195461 ], [ 121.619990854344394, 24.221477738307069 ], [ 121.619989881607495, 24.2215680328049 ], [ 121.6200883395924, 24.22156892485205 ], [ 121.620086393269005, 24.221749512944111 ], [ 121.620283310505002, 24.221751297743051 ], [ 121.620282337972597, 24.221841591332499 ], [ 121.620380796169698, 24.221842484089091 ], [ 121.620379823706799, 24.221932777676731 ], [ 121.620675199481397, 24.221935453752199 ], [ 121.620674227231405, 24.22202574823929 ], [ 121.6207726855624, 24.22202663983666 ], [ 121.620771713377593, 24.222116933419059 ], [ 121.621067089571298, 24.222119609628351 ], [ 121.621066117595007, 24.222209903207339 ], [ 121.621263034537705, 24.222211686728539 ], [ 121.621260118046493, 24.222482568361411 ], [ 121.620866281362396, 24.222479001984599 ], [ 121.620867254457195, 24.222388707500269 ], [ 121.620670336250896, 24.22238692347667 ], [ 121.620671308504598, 24.222296629896618 ], [ 121.620474391420998, 24.222294845612659 ], [ 121.620475363813796, 24.222204552029989 ], [ 121.620278445883997, 24.222202767493691 ], [ 121.620279419395999, 24.222112473001499 ], [ 121.620180960010202, 24.222111581090491 ], [ 121.620181933596101, 24.222021287499349 ], [ 121.620083474275305, 24.222020394620959 ], [ 121.620084447930793, 24.221930101028001 ], [ 121.619887530416406, 24.221928315977461 ], [ 121.619888503226505, 24.221838022385889 ], [ 121.619790045028594, 24.221837129310831 ], [ 121.619791017908298, 24.22174683571745 ], [ 121.619692559779594, 24.221745942577911 ], [ 121.619693532728903, 24.221655648982711 ], [ 121.619595074673995, 24.221654756681591 ], [ 121.619596047688503, 24.221564462181671 ], [ 121.619497589702803, 24.221563569816059 ], [ 121.619498562791307, 24.221473276217178 ], [ 121.619400104870493, 24.221472382884251 ], [ 121.619401078028602, 24.221382089283541 ], [ 121.619302620177194, 24.22138119588611 ], [ 121.619303593404894, 24.221290902283592 ], [ 121.619205135626999, 24.221290009724559 ], [ 121.619206108919997, 24.221199715217331 ], [ 121.619107651211394, 24.221198822593831 ], [ 121.619108624578303, 24.22110852898766 ], [ 121.618813250671195, 24.221105849833769 ], [ 121.6188142252267, 24.221015555317329 ], [ 121.618715766671897, 24.22101466244149 ], [ 121.618716741301398, 24.220924368826111 ], [ 121.618421367809106, 24.220921688903239 ], [ 121.618424290350106, 24.22065080714891 ], [ 121.618719663217405, 24.22065348707881 ], [ 121.618720636858697, 24.22056319256037 ], [ 121.619016009516301, 24.220565871919419 ] ] ] } },
{ "type": "Feature", "properties": { }, "geometry": { "type": "Polygon", "coordinates": [ [ [ 121.618430135436199, 24.220109043612091 ], [ 121.618428186742506, 24.220289630861281 ], [ 121.618231271727097, 24.220287844519891 ], [ 121.618233220694194, 24.22010725636471 ], [ 121.618430135436199, 24.220109043612091 ] ] ] } },
{ "type": "Feature", "properties": { }, "geometry": { "type": "Polygon", "coordinates": [ [ [ 121.624140659670601, 24.22016075214605 ], [ 121.624138719036196, 24.220341340206609 ], [ 121.624040262030306, 24.220340450759711 ], [ 121.624039291153906, 24.22043074524268 ], [ 121.623547002812302, 24.220426295263099 ], [ 121.623546032573302, 24.220516589744989 ], [ 121.623250659161997, 24.220513919176749 ], [ 121.623249688710501, 24.220604212757099 ], [ 121.623052773294305, 24.220602432661959 ], [ 121.623051802704097, 24.220692726242849 ], [ 121.622953344433995, 24.220691836102571 ], [ 121.622952373774595, 24.220782129683212 ], [ 121.622853915434902, 24.220781239480019 ], [ 121.622852944710502, 24.220871533963269 ], [ 121.622262197197102, 24.220866189593639 ], [ 121.622261226051904, 24.22095648317773 ], [ 121.622162767572107, 24.220955592530299 ], [ 121.622158881739395, 24.221316768669219 ], [ 121.622257339512402, 24.221317659317499 ], [ 121.622255396243602, 24.221498247381131 ], [ 121.622353855139806, 24.221499137960119 ], [ 121.6223528830851, 24.221589432443029 ], [ 121.622451342050596, 24.221590322957528 ], [ 121.622450371049993, 24.22168061743459 ], [ 121.622844205223402, 24.22168417976345 ], [ 121.622843233516207, 24.221774474240299 ], [ 121.622941692619804, 24.221775364434752 ], [ 121.6229407209822, 24.221865658909799 ], [ 121.623236097520007, 24.221868330015511 ], [ 121.623235127075503, 24.221958624483111 ], [ 121.623333585332801, 24.221959514425219 ], [ 121.623332614957803, 24.222049808890951 ], [ 121.623431073284394, 24.222050698768591 ], [ 121.623430102974595, 24.22214099232961 ], [ 121.623528562359297, 24.222141883041591 ], [ 121.623527591134703, 24.22223217660482 ], [ 121.623626050588697, 24.222233067252329 ], [ 121.623625079433694, 24.222323360813711 ], [ 121.623723538956995, 24.222324251396721 ], [ 121.623722567871596, 24.222414544956269 ], [ 121.623821027464203, 24.22241543547479 ], [ 121.623819086421705, 24.222596023487998 ], [ 121.623917546148604, 24.222596913038359 ], [ 121.623916575207105, 24.222687207496069 ], [ 121.624015035007602, 24.222688097884809 ], [ 121.624014064131302, 24.222778391437799 ], [ 121.624112524001106, 24.222779281762051 ], [ 121.624111554178896, 24.222869575309161 ], [ 121.624210013133506, 24.222870465572939 ], [ 121.624209043380901, 24.222960759118219 ], [ 121.624307502404804, 24.222961649317519 ], [ 121.624304592376305, 24.223232530851629 ], [ 121.624206132164005, 24.223231641561629 ], [ 121.624207102896193, 24.223141347112541 ], [ 121.624010183590002, 24.22313956743298 ], [ 121.624011153481106, 24.22304927388819 ], [ 121.623912693402801, 24.22304838350264 ], [ 121.623913664348095, 24.22295808995198 ], [ 121.623716745318703, 24.222956309887032 ], [ 121.623717715414102, 24.222866015434899 ], [ 121.623619256463101, 24.222865125755501 ], [ 121.623620226628105, 24.222774831301521 ], [ 121.623423307875498, 24.22277305085122 ], [ 121.623424278184004, 24.222682757297481 ], [ 121.623325819366997, 24.222681866522532 ], [ 121.623324848008906, 24.22277216098399 ], [ 121.6230294703726, 24.22276949008911 ], [ 121.623030440954494, 24.222679195629329 ], [ 121.622341226290899, 24.2226729607072 ], [ 121.622340254238296, 24.222763255176559 ], [ 121.621946416723702, 24.222759690708969 ], [ 121.621947389054, 24.222669396236441 ], [ 121.621848929254298, 24.222668505412951 ], [ 121.621849901654301, 24.22257821093859 ], [ 121.621652983173504, 24.22257642819206 ], [ 121.621653954732395, 24.22248613462197 ], [ 121.621457036389799, 24.22248435161907 ], [ 121.6214580080877, 24.22239405804639 ], [ 121.621359549475699, 24.222393165995161 ], [ 121.621361493991202, 24.222212577938141 ], [ 121.621755329843097, 24.22221614395341 ], [ 121.621754357368602, 24.222306437529841 ], [ 121.622148193495605, 24.22231000252285 ], [ 121.622147222288007, 24.222400296993928 ], [ 121.6228364354955, 24.22240653282444 ], [ 121.622837407201501, 24.222316238354871 ], [ 121.623034325261699, 24.222318019577461 ], [ 121.623035295844502, 24.222227725112472 ], [ 121.622936837378404, 24.222226834981662 ], [ 121.622937808030798, 24.222136540514821 ], [ 121.622839349633907, 24.222135650319512 ], [ 121.622840320355905, 24.222045355850849 ], [ 121.622741862028406, 24.22204446559104 ], [ 121.6227428328244, 24.221954172023409 ], [ 121.622447456071299, 24.221951499061781 ], [ 121.622448428060295, 24.221861205486722 ], [ 121.622349968882105, 24.221860314071709 ], [ 121.622350940940706, 24.221770020494802 ], [ 121.621957106481702, 24.22176645599238 ], [ 121.621958077833796, 24.221676162415289 ], [ 121.621761160742196, 24.22167437978035 ], [ 121.621763104704797, 24.22149379171298 ], [ 121.621664645807499, 24.22149290075183 ], [ 121.621666589909594, 24.221312312678702 ], [ 121.621568132131301, 24.221311420745391 ], [ 121.6215691037619, 24.221221127159922 ], [ 121.621273729658398, 24.22121845278523 ], [ 121.621274701493206, 24.221128158293471 ], [ 121.620979327596601, 24.22112548334319 ], [ 121.620980299644302, 24.221035189750911 ], [ 121.620881842077395, 24.221034298272279 ], [ 121.620882814190296, 24.220944003775291 ], [ 121.620685898206204, 24.220942219726481 ], [ 121.620686870462507, 24.22085192612974 ], [ 121.620588413034199, 24.220851034458459 ], [ 121.620590358666306, 24.220670446353409 ], [ 121.620688815955802, 24.220671338026271 ], [ 121.620689788212601, 24.2205810444264 ], [ 121.6208867036367, 24.220582827578632 ], [ 121.620885731523202, 24.220673122079798 ], [ 121.621476478217204, 24.22067847180891 ], [ 121.621475505531606, 24.220768765405431 ], [ 121.621672421235303, 24.220770548438342 ], [ 121.621673393782103, 24.220680254843401 ], [ 121.622264140468204, 24.22068560151541 ], [ 121.622266082755502, 24.22050501343702 ], [ 121.622364540887801, 24.22050590402473 ], [ 121.622365511959998, 24.22041560953334 ], [ 121.622562427105194, 24.22041739142615 ], [ 121.622563398038693, 24.220327096935289 ], [ 121.622661856036103, 24.220327988236392 ], [ 121.622662826900395, 24.22023769374529 ], [ 121.623253571493194, 24.220243036619689 ], [ 121.623254542929899, 24.22015274303115 ], [ 121.624140659670601, 24.22016075214605 ] ] ] } },
{ "type": "Feature", "properties": { }, "geometry": { "type": "Polygon", "coordinates": [ [ [ 121.621040578612494, 24.215436960567441 ], [ 121.621039606554803, 24.215527254224359 ], [ 121.621138060870507, 24.21552814568339 ], [ 121.621137088886698, 24.21561844024135 ], [ 121.621530903472404, 24.215622005449621 ], [ 121.621529931762097, 24.21571229910052 ], [ 121.621628386215804, 24.215713190239601 ], [ 121.621625471302906, 24.215984072989379 ], [ 121.621231654618299, 24.21598050714957 ], [ 121.621232626536397, 24.215890213499438 ], [ 121.620937263740501, 24.215887539127792 ], [ 121.620938236847095, 24.215797244567359 ], [ 121.620839782322804, 24.21579635298335 ], [ 121.620840754518895, 24.215706059327982 ], [ 121.620742301048296, 24.21570516767548 ], [ 121.620745217841502, 24.21543428579789 ], [ 121.621040578612494, 24.215436960567441 ] ] ] } },
{ "type": "Feature", "properties": { }, "geometry": { "type": "Polygon", "coordinates": [ [ [ 121.624881245729497, 24.215381387665861 ], [ 121.624880276379002, 24.215471681292861 ], [ 121.624978730618693, 24.21547257026937 ], [ 121.624975822785402, 24.215743452947471 ], [ 121.624680460425395, 24.215740785830089 ], [ 121.624681429909799, 24.21565049130173 ], [ 121.6245829755307, 24.215649602135802 ], [ 121.624585884202105, 24.215378720347871 ], [ 121.624881245729497, 24.215381387665861 ] ] ] } },
{ "type": "Feature", "properties": { }, "geometry": { "type": "Polygon", "coordinates": [ [ [ 121.600206984069999, 24.211725089086119 ], [ 121.600204023726604, 24.211995968853639 ], [ 121.600105573920999, 24.211995063797168 ], [ 121.600104587069197, 24.212085356750709 ], [ 121.599907686338597, 24.212083547355071 ], [ 121.599906700332596, 24.21217384030513 ], [ 121.599808249403495, 24.212172935063052 ], [ 121.599812197639295, 24.211811762335191 ], [ 121.599910647302195, 24.211812666681219 ], [ 121.599911634292994, 24.211722373723109 ], [ 121.600206984069999, 24.211725089086119 ] ] ] } },
{ "type": "Feature", "properties": { }, "geometry": { "type": "Polygon", "coordinates": [ [ [ 121.600410788772507, 24.211094844694362 ], [ 121.600407829832307, 24.211365725378389 ], [ 121.600112480888697, 24.211363010388549 ], [ 121.600115440457799, 24.211092130600829 ], [ 121.600410788772507, 24.211094844694362 ] ] ] } },
{ "type": "Feature", "properties": { }, "geometry": { "type": "Polygon", "coordinates": [ [ [ 121.600816420621101, 24.210014943705769 ], [ 121.600878495830699, 24.210015513275451 ], [ 121.6011645413775, 24.209030050478969 ], [ 121.601329492507205, 24.209029399442109 ], [ 121.601110418955599, 24.210141100849931 ], [ 121.601108808945, 24.210288536292179 ], [ 121.601010360458901, 24.210287631794738 ], [ 121.601008388005397, 24.210468218630069 ], [ 121.600909939384593, 24.210467314973329 ], [ 121.600908953086503, 24.210557607938721 ], [ 121.600810504392001, 24.210556703316168 ], [ 121.600809518028797, 24.210646997184131 ], [ 121.600711068280404, 24.21064609250254 ], [ 121.600710082828101, 24.21073638546342 ], [ 121.600611633010104, 24.21073548071892 ], [ 121.6006106474928, 24.210825774582379 ], [ 121.600315298818799, 24.210823060868069 ], [ 121.600317272243103, 24.21064247403082 ], [ 121.600415721007494, 24.210643378970939 ], [ 121.600416707648293, 24.210553085100031 ], [ 121.600515156343207, 24.2105539899772 ], [ 121.6005161429146, 24.210463696106 ], [ 121.600614592524494, 24.210464600916382 ], [ 121.600615578046501, 24.210374307951621 ], [ 121.600714027586804, 24.210375212699091 ], [ 121.600715999472399, 24.210194625861149 ], [ 121.600814448873905, 24.210195530546411 ], [ 121.600816420621101, 24.210014943705769 ] ] ] } },
{ "type": "Feature", "properties": { }, "geometry": { "type": "Polygon", "coordinates": [ [ [ 121.598655489110797, 24.20954356450137 ], [ 121.598654501215705, 24.209633857494019 ], [ 121.598457604230106, 24.209632046149199 ], [ 121.598458592264095, 24.20954175315509 ], [ 121.598655489110797, 24.20954356450137 ] ] ] } },
{ "type": "Feature", "properties": { }, "geometry": { "type": "Polygon", "coordinates": [ [ [ 121.603903750911499, 24.206792384510759 ], [ 121.603901783459506, 24.206972971380729 ], [ 121.603606444731597, 24.206970263869049 ], [ 121.603608412599996, 24.206789676994632 ], [ 121.603903750911499, 24.206792384510759 ] ] ] } },
{ "type": "Feature", "properties": { }, "geometry": { "type": "Polygon", "coordinates": [ [ [ 121.602047062940699, 24.205511121248819 ], [ 121.602043122753898, 24.20587229419635 ], [ 121.601944676688703, 24.205871391142459 ], [ 121.601943692063998, 24.205961684149809 ], [ 121.601746800774507, 24.205959876945801 ], [ 121.601747785537995, 24.20586958393698 ], [ 121.601550894386904, 24.205867776476929 ], [ 121.601553851058696, 24.205596896529119 ], [ 121.601849186666399, 24.205599607180861 ], [ 121.601850172345294, 24.205509314164711 ], [ 121.602047062940699, 24.205511121248819 ] ] ] } },
{ "type": "Feature", "properties": { }, "geometry": { "type": "Polygon", "coordinates": [ [ [ 121.602277860058805, 24.20524338306241 ], [ 121.602267822587294, 24.205259011314421 ], [ 121.602255006746802, 24.20527435530029 ], [ 121.602239444826296, 24.205289373358369 ], [ 121.602221185832505, 24.20530402014904 ], [ 121.602176801196094, 24.205332017553701 ], [ 121.602122578150301, 24.205357886868232 ], [ 121.602059097833902, 24.205381280877731 ], [ 121.601988227125105, 24.205401452718899 ], [ 121.601911886012005, 24.2054178539587 ], [ 121.601832482878095, 24.205429962227811 ], [ 121.601752740709102, 24.205437376713409 ], [ 121.601675129357503, 24.205439876382211 ], [ 121.601602064232694, 24.205437385787789 ], [ 121.601535475120599, 24.205429974063751 ], [ 121.601477287824196, 24.20541791080591 ], [ 121.601428108658197, 24.205401386851051 ], [ 121.601407158387502, 24.205391535843429 ], [ 121.601388717531705, 24.205380665484839 ], [ 121.601372841369297, 24.205368808062389 ], [ 121.6013595694114, 24.205355992313741 ], [ 121.6013589313865, 24.205414501870379 ], [ 121.601063596189405, 24.205411789356681 ], [ 121.601065567673302, 24.205231203311278 ], [ 121.601164012269393, 24.205232106947001 ], [ 121.601164997449899, 24.205141813925419 ], [ 121.601263442960899, 24.205142717494329 ], [ 121.601264428072099, 24.205052424472441 ], [ 121.601357472798895, 24.205053278869428 ], [ 121.601357961348299, 24.205052499543871 ], [ 121.601375808256805, 24.205028689140171 ], [ 121.601399925551803, 24.20500397365522 ], [ 121.601430274733104, 24.204978121192649 ], [ 121.601475272382402, 24.204943971929101 ], [ 121.601515595365498, 24.204916394359479 ], [ 121.601559707593907, 24.204890761111759 ], [ 121.601607227172806, 24.204867293998351 ], [ 121.601657642412604, 24.204846246043068 ], [ 121.601710503416797, 24.20482782217239 ], [ 121.601764938498704, 24.20481233823023 ], [ 121.601820129732701, 24.204800028588231 ], [ 121.601875144881703, 24.204791101886659 ], [ 121.601967874701302, 24.204781539493769 ], [ 121.602055063523494, 24.204777690824368 ], [ 121.602055927862807, 24.204698479574891 ], [ 121.602252817209006, 24.20470028641768 ], [ 121.602251831811003, 24.204790580343129 ], [ 121.602350277043399, 24.204791483214951 ], [ 121.602347322038298, 24.205062364076099 ], [ 121.602331770608103, 24.205062220600869 ], [ 121.602322446082496, 24.205113504277598 ], [ 121.602309745378193, 24.205162980150991 ], [ 121.602294520193595, 24.205207335723941 ], [ 121.602277860058805, 24.20524338306241 ] ] ] } },
{ "type": "Feature", "properties": { }, "geometry": { "type": "Polygon", "coordinates": [ [ [ 121.605896255324495, 24.204643371829569 ], [ 121.605893307811797, 24.204914252616689 ], [ 121.605991753109606, 24.20491515313304 ], [ 121.605988806790506, 24.205186033904621 ], [ 121.605890361284494, 24.205185133390529 ], [ 121.605889379434302, 24.205275426376499 ], [ 121.605692488278905, 24.205273624256019 ], [ 121.605691506294306, 24.20536391814532 ], [ 121.605494614999699, 24.205362115771749 ], [ 121.605495598107495, 24.205271821877041 ], [ 121.605298707939994, 24.205270020146379 ], [ 121.605299690202202, 24.20517972625305 ], [ 121.605201244691202, 24.205178824390579 ], [ 121.605198296707897, 24.205449705170722 ], [ 121.6050998509929, 24.205448804149729 ], [ 121.605098868587902, 24.205539097138551 ], [ 121.604803532214206, 24.205536392789149 ], [ 121.604805498420703, 24.205355805899231 ], [ 121.604903944066606, 24.2053567071119 ], [ 121.604904926610601, 24.2052664141195 ], [ 121.605101816783304, 24.205268217262169 ], [ 121.605104765959794, 24.204997336469621 ], [ 121.605203210343504, 24.204998237498241 ], [ 121.605205175996204, 24.204817650601761 ], [ 121.605303621225502, 24.20481855156434 ], [ 121.605304603492598, 24.204728258568679 ], [ 121.605501493816206, 24.204730061207272 ], [ 121.605500510703493, 24.204820354205349 ], [ 121.605598955936699, 24.204821255879889 ], [ 121.605600921030501, 24.20464066808232 ], [ 121.605896255324495, 24.204643371829569 ] ] ] } },
{ "type": "Feature", "properties": { }, "geometry": { "type": "Polygon", "coordinates": [ [ [ 121.603053169707707, 24.20353369564263 ], [ 121.603051200999403, 24.20371428260103 ], [ 121.602755869766099, 24.203711574193811 ], [ 121.602757837906296, 24.20353098723486 ], [ 121.603053169707707, 24.20353369564263 ] ] ] } },
{ "type": "Feature", "properties": { }, "geometry": { "type": "Polygon", "coordinates": [ [ [ 121.603159486281598, 24.2028122501541 ], [ 121.603158502485996, 24.202902543188031 ], [ 121.603256946264807, 24.202903446405511 ], [ 121.603253994106595, 24.20317432640562 ], [ 121.602958663138395, 24.203171618370789 ], [ 121.602959647072396, 24.203081325338498 ], [ 121.602861204138804, 24.203080421927691 ], [ 121.602863172141696, 24.20289983495562 ], [ 121.602961615920805, 24.202900738364011 ], [ 121.602962599850898, 24.202810444425719 ], [ 121.603159486281598, 24.2028122501541 ] ] ] } },
{ "type": "Feature", "properties": { }, "geometry": { "type": "Polygon", "coordinates": [ [ [ 121.603862359525607, 24.20155445709209 ], [ 121.603859409600005, 24.201825338024761 ], [ 121.603760966654207, 24.201824435180161 ], [ 121.603758998917499, 24.20200502307069 ], [ 121.603660556817204, 24.20200412016008 ], [ 121.603658588937904, 24.20218470714504 ], [ 121.603560146703003, 24.20218380507513 ], [ 121.603558178685404, 24.202364392057412 ], [ 121.603459736311706, 24.202363489925371 ], [ 121.603458751743602, 24.202453783869071 ], [ 121.603261865868504, 24.202451978516571 ], [ 121.603266786459201, 24.20200051059766 ], [ 121.603365228555603, 24.20200141285995 ], [ 121.603368180509705, 24.20173053282139 ], [ 121.603466623382303, 24.20173143501837 ], [ 121.603467606971094, 24.201641141973099 ], [ 121.603566048789801, 24.20164204411109 ], [ 121.603567033289494, 24.201551750158739 ], [ 121.603862359525607, 24.20155445709209 ] ] ] } },
{ "type": "Feature", "properties": { }, "geometry": { "type": "Polygon", "coordinates": [ [ [ 121.601322567410193, 24.199725109886959 ], [ 121.601318626951496, 24.20008628402017 ], [ 121.601220185325303, 24.200085380410052 ], [ 121.601219200139397, 24.20017567349004 ], [ 121.600825435324793, 24.20017205840843 ], [ 121.600827407231705, 24.199991471334751 ], [ 121.600925847804604, 24.19999237520399 ], [ 121.6009278185889, 24.199811788131498 ], [ 121.601026260007302, 24.199812691934731 ], [ 121.601027245332304, 24.19972239884909 ], [ 121.601322567410193, 24.199725109886959 ] ] ] } },
{ "type": "Feature", "properties": { }, "geometry": { "type": "Polygon", "coordinates": [ [ [ 121.604969949498795, 24.20833729543504 ], [ 121.604968966047693, 24.208427589298019 ], [ 121.605067414056904, 24.208428491260921 ], [ 121.605065448274203, 24.208609078075469 ], [ 121.604967000126194, 24.208608176114058 ], [ 121.604966016675505, 24.208698469973921 ], [ 121.604769121229097, 24.208696666760581 ], [ 121.604768137635503, 24.208786959718001 ], [ 121.6045712420499, 24.208785156251562 ], [ 121.604574192254503, 24.208514275569861 ], [ 121.604672640333504, 24.208515177786609 ], [ 121.604673623008196, 24.208424883926359 ], [ 121.604772071017706, 24.20842578608023 ], [ 121.604773054607506, 24.20833549221576 ], [ 121.604969949498795, 24.20833729543504 ] ] ] } },
{ "type": "Feature", "properties": { }, "geometry": { "type": "Polygon", "coordinates": [ [ [ 121.607369983355596, 24.204927759112248 ], [ 121.607368020760006, 24.20510834687656 ], [ 121.6072695753208, 24.205107446349849 ], [ 121.607268594445998, 24.205197740229231 ], [ 121.607071704417095, 24.205195939885311 ], [ 121.607070722419195, 24.20528623376909 ], [ 121.606873832250997, 24.205284433172121 ], [ 121.606872850114598, 24.205374727056348 ], [ 121.606774404466606, 24.205373826213648 ], [ 121.606773423245201, 24.205464120093659 ], [ 121.606674977527703, 24.20546321918809 ], [ 121.606673996237205, 24.205553513067809 ], [ 121.606378659868795, 24.205550811773321 ], [ 121.606380623850796, 24.20537022400443 ], [ 121.606479068514801, 24.205371125105589 ], [ 121.606480050928795, 24.205280831218371 ], [ 121.606578495523394, 24.205281732256651 ], [ 121.606579477868095, 24.20519143836913 ], [ 121.606677923373297, 24.205192338437708 ], [ 121.606678904668598, 24.205102045456709 ], [ 121.606777350104295, 24.2051029454624 ], [ 121.606778331326097, 24.205012651578208 ], [ 121.606975222062601, 24.20501445230305 ], [ 121.606976203149998, 24.204924159322211 ], [ 121.607369983355596, 24.204927759112248 ] ] ] } },
{ "type": "Feature", "properties": { }, "geometry": { "type": "Polygon", "coordinates": [ [ [ 121.606487905331306, 24.204558481908371 ], [ 121.606484960055795, 24.204829363584111 ], [ 121.605992735871098, 24.204824859236851 ], [ 121.605995682191605, 24.20455397845274 ], [ 121.606487905331306, 24.204558481908371 ] ] ] } },
{ "type": "Feature", "properties": { }, "geometry": { "type": "Polygon", "coordinates": [ [ [ 121.608758997682898, 24.203947122662139 ], [ 121.608756057187705, 24.20421800340495 ], [ 121.6085591677042, 24.204216204957639 ], [ 121.608558187730196, 24.204306498837639 ], [ 121.6082628532981, 24.20430380114307 ], [ 121.608261873116106, 24.204394095024291 ], [ 121.607868094575593, 24.20439049660439 ], [ 121.607867113131803, 24.20448079049152 ], [ 121.607374889362703, 24.204476291490941 ], [ 121.607377833750803, 24.204205409819021 ], [ 121.607771611738599, 24.204209009517768 ], [ 121.607772592267807, 24.20411871563066 ], [ 121.607871036943294, 24.204119615847461 ], [ 121.607872017403196, 24.204029321960078 ], [ 121.608167351212302, 24.204032020425139 ], [ 121.608168331464199, 24.203941726538972 ], [ 121.608758997682898, 24.203947122662139 ] ] ] } },
{ "type": "Feature", "properties": { }, "geometry": { "type": "Polygon", "coordinates": [ [ [ 121.5921378405057, 24.202349582849092 ], [ 121.592135856386406, 24.20253016818786 ], [ 121.592037413794799, 24.20252925867651 ], [ 121.592036422160206, 24.20261955179458 ], [ 121.591937979499207, 24.202618642220319 ], [ 121.591936987795194, 24.202708935338059 ], [ 121.591641659599404, 24.202706205332682 ], [ 121.591643643423595, 24.202525619091901 ], [ 121.591742086015401, 24.202526528857799 ], [ 121.591743078842597, 24.20243623573274 ], [ 121.591841521369204, 24.202437146338571 ], [ 121.591842513142694, 24.202346853217019 ], [ 121.5921378405057, 24.202349582849092 ] ] ] } },
{ "type": "Feature", "properties": { }, "geometry": { "type": "Polygon", "coordinates": [ [ [ 121.525732907800403, 24.1980191093256 ], [ 121.525730831014499, 24.198199690167549 ], [ 121.526026139333993, 24.198202548176301 ], [ 121.526025101146999, 24.19829283814267 ], [ 121.526123537978094, 24.198293790381271 ], [ 121.526121461746001, 24.198474371212679 ], [ 121.526219898715993, 24.198475323386571 ], [ 121.526216783592204, 24.19874619507911 ], [ 121.526118347398395, 24.198745242903399 ], [ 121.526116271164696, 24.198925823724341 ], [ 121.526017833848101, 24.198924871489471 ], [ 121.526014719290004, 24.199195743166079 ], [ 121.525916281765504, 24.199194790869189 ], [ 121.525915243511093, 24.19928508172746 ], [ 121.525718369308194, 24.19928317694049 ], [ 121.525719407701402, 24.19919288608115 ], [ 121.525522533637897, 24.199190981038651 ], [ 121.525523572169604, 24.199100690177211 ], [ 121.525425134715306, 24.199099737561699 ], [ 121.525428251505502, 24.198828865869011 ], [ 121.525526687767396, 24.198829818489489 ], [ 121.525527726302101, 24.198739528526751 ], [ 121.525626163479203, 24.19874048108078 ], [ 121.525628240405794, 24.198559900250309 ], [ 121.525726676459996, 24.198560852745171 ], [ 121.525727715836197, 24.198470561874071 ], [ 121.525629278867001, 24.198469609382069 ], [ 121.525630317331704, 24.198379319415679 ], [ 121.525728754231594, 24.19838027190821 ], [ 121.525729792623096, 24.1982899810384 ], [ 121.525631355792598, 24.198289028545339 ], [ 121.525632394253293, 24.198198737673959 ], [ 121.525435521715806, 24.198196832492538 ], [ 121.525437598917705, 24.19801625164741 ], [ 121.525732907800403, 24.1980191093256 ] ] ] } },
{ "type": "Feature", "properties": { }, "geometry": { "type": "Polygon", "coordinates": [ [ [ 121.463356483020505, 24.219435656820579 ], [ 121.463355399788298, 24.219525945013409 ], [ 121.463453850286797, 24.219526938405721 ], [ 121.463451682972106, 24.219707513887609 ], [ 121.463156333027001, 24.219704532612969 ], [ 121.463159584132498, 24.219433669838239 ], [ 121.463356483020505, 24.219435656820579 ] ] ] } },
{ "type": "Feature", "properties": { }, "geometry": { "type": "Polygon", "coordinates": [ [ [ 121.653110124051494, 24.180776390683171 ], [ 121.653109176223694, 24.180866687174991 ], [ 121.653207604601803, 24.180867556659418 ], [ 121.653205709076502, 24.181048147832449 ], [ 121.653107280559794, 24.181047278349791 ], [ 121.6531063327282, 24.181137573935619 ], [ 121.652811045979703, 24.181134964210148 ], [ 121.652811994019103, 24.181044668621691 ], [ 121.652713565501202, 24.18104379888473 ], [ 121.652716410813298, 24.180772912106239 ], [ 121.653110124051494, 24.180776390683171 ] ] ] } },
{ "type": "Feature", "properties": { }, "geometry": { "type": "Polygon", "coordinates": [ [ [ 121.644951072730194, 24.179710743985002 ], [ 121.644950119139097, 24.179801038754459 ], [ 121.645245401072501, 24.179803663782401 ], [ 121.645242540933396, 24.180074549882612 ], [ 121.644848830530407, 24.180071050030829 ], [ 121.644849785174202, 24.179980755259461 ], [ 121.644751357397197, 24.179979880363479 ], [ 121.644754218576395, 24.179708994247349 ], [ 121.644951072730194, 24.179710743985002 ] ] ] } },
{ "type": "Feature", "properties": { }, "geometry": { "type": "Polygon", "coordinates": [ [ [ 121.6568617508686, 24.179725841452989 ], [ 121.656980021898306, 24.179726883066159 ], [ 121.657216471053701, 24.1800511480014 ], [ 121.657251253080702, 24.180131455207491 ], [ 121.657390487231396, 24.18045293177612 ], [ 121.657586794125905, 24.180906181799049 ], [ 121.657538461844595, 24.180905756413392 ], [ 121.657533738283007, 24.181357235046551 ], [ 121.657632166994802, 24.181358101665641 ], [ 121.657630277713594, 24.181538693651561 ], [ 121.657531847879099, 24.181537827038511 ], [ 121.657530903167299, 24.18162812257939 ], [ 121.657334044343003, 24.18162638916008 ], [ 121.657333099492902, 24.181716684701669 ], [ 121.656053519640906, 24.18170540946829 ], [ 121.656054465391804, 24.181615113915178 ], [ 121.655857606554093, 24.181613377685661 ], [ 121.655858553428203, 24.181523082125469 ], [ 121.655760123588394, 24.181522214368009 ], [ 121.655759177629307, 24.181612509924829 ], [ 121.655660748704094, 24.181611642100471 ], [ 121.655659802675999, 24.181701937657142 ], [ 121.655266085706501, 24.181698464828731 ], [ 121.655265139406097, 24.1817887612908 ], [ 121.654674564017299, 24.181783549692611 ], [ 121.654675510738201, 24.181693254128131 ], [ 121.654478651758495, 24.181691517023069 ], [ 121.654479599602396, 24.181601221451569 ], [ 121.654282740755605, 24.181599483187561 ], [ 121.654283687754102, 24.18150918761749 ], [ 121.654185258894003, 24.181508318838549 ], [ 121.654186205962205, 24.181418023266541 ], [ 121.653890919583404, 24.18141541564281 ], [ 121.653891866859695, 24.181325120067122 ], [ 121.6537934381371, 24.18132425103212 ], [ 121.653794385482996, 24.18123395545452 ], [ 121.653695956829296, 24.181233086355061 ], [ 121.653696904244796, 24.181142790775549 ], [ 121.653500047070693, 24.181141051481301 ], [ 121.653501942179702, 24.18096046031561 ], [ 121.653698799072004, 24.18096219871051 ], [ 121.653699747472501, 24.180871903123659 ], [ 121.654191889356696, 24.180876248905619 ], [ 121.654192836426802, 24.180785953326339 ], [ 121.653995979814397, 24.180784215563669 ], [ 121.653996927018895, 24.18069391907871 ], [ 121.653800070543895, 24.180692181059989 ], [ 121.653801017891794, 24.180601885475109 ], [ 121.653604161554398, 24.18060014720033 ], [ 121.653605109041095, 24.180509851612651 ], [ 121.6531129675503, 24.180505503910059 ], [ 121.653112019717099, 24.18059579950215 ], [ 121.652521450689605, 24.180590581244779 ], [ 121.652522398938601, 24.180500285647451 ], [ 121.652325542727894, 24.180498544815109 ], [ 121.6523245943403, 24.180588840414192 ], [ 121.652127737994604, 24.18058710023217 ], [ 121.652128686520697, 24.180496804631328 ], [ 121.651931830312407, 24.180495064193281 ], [ 121.651932778977397, 24.18040476858965 ], [ 121.651637494866193, 24.180402156550269 ], [ 121.651638443739301, 24.180311860942972 ], [ 121.651441587805493, 24.18031011986568 ], [ 121.651442536817498, 24.180219824255602 ], [ 121.651344108919403, 24.18021895362072 ], [ 121.651345058000999, 24.180128658008709 ], [ 121.651148202342696, 24.180126916546499 ], [ 121.651149151563104, 24.18003662093173 ], [ 121.651050723802797, 24.180035750104398 ], [ 121.651051673092894, 24.17994545448769 ], [ 121.650756390018202, 24.17994284162161 ], [ 121.650757339516403, 24.179852546001261 ], [ 121.650658911893601, 24.179851674917899 ], [ 121.650659861461307, 24.179761379295631 ], [ 121.650561433907498, 24.179760508147819 ], [ 121.650563333182305, 24.179579916898451 ], [ 121.650464906750997, 24.179579045681109 ], [ 121.650463956059994, 24.179669341311389 ], [ 121.650365529554605, 24.179668469128469 ], [ 121.650364578794594, 24.179758764758581 ], [ 121.650463006353505, 24.17975963693641 ], [ 121.650462056642596, 24.179849931657539 ], [ 121.6505604842705, 24.179850803770929 ], [ 121.650558584992694, 24.18003139411119 ], [ 121.649869590653594, 24.18002529431471 ], [ 121.649868640532404, 24.180115589940829 ], [ 121.649671785850202, 24.18011384656721 ], [ 121.649670834606397, 24.1802041421982 ], [ 121.649572407683095, 24.180203269511921 ], [ 121.649571456370396, 24.180293565142751 ], [ 121.649374601409306, 24.180291821391179 ], [ 121.649375551876503, 24.180201525762829 ], [ 121.649277123972794, 24.180200653792909 ], [ 121.649275222900201, 24.180381245050331 ], [ 121.649176794857595, 24.180380373018579 ], [ 121.649175844252397, 24.180470668646581 ], [ 121.648978988027906, 24.180468924394098 ], [ 121.648978037279804, 24.180559219119939 ], [ 121.648781180915606, 24.180557474614879 ], [ 121.648780230033793, 24.180647770244299 ], [ 121.648288089752, 24.180643406966379 ], [ 121.648287137539697, 24.180733702603241 ], [ 121.648090281878893, 24.180731957207438 ], [ 121.648091233245495, 24.180641661573009 ], [ 121.647795948483903, 24.18063904300617 ], [ 121.647796900058694, 24.180548747368132 ], [ 121.647107904721494, 24.180542634236449 ], [ 121.647106952661701, 24.180632929880549 ], [ 121.647008524405507, 24.180632056452769 ], [ 121.647007572276607, 24.180722352096659 ], [ 121.646909143950793, 24.180721478606181 ], [ 121.646908191748395, 24.180811773347031 ], [ 121.646612907545901, 24.180809152492511 ], [ 121.6466138599517, 24.180718856846209 ], [ 121.646515431624906, 24.180717983101399 ], [ 121.646516384100295, 24.180627687453189 ], [ 121.646417955842495, 24.180626813643968 ], [ 121.646416050753501, 24.180807404941081 ], [ 121.646317622356904, 24.180806531070001 ], [ 121.646316669738994, 24.18089682581498 ], [ 121.645922956857106, 24.180893329694179 ], [ 121.645922003966803, 24.180983625344421 ], [ 121.645823575425794, 24.180982750254319 ], [ 121.645822622466397, 24.18107304590438 ], [ 121.645724194844604, 24.181072171650271 ], [ 121.645723240831998, 24.181162467304329 ], [ 121.645427955784299, 24.181159843268532 ], [ 121.645429863245894, 24.180979252861281 ], [ 121.645331434708197, 24.18097837835618 ], [ 121.645333341320693, 24.18079778704432 ], [ 121.645234912921296, 24.18079691247393 ], [ 121.645235867285905, 24.180706617714311 ], [ 121.645137438951096, 24.180705742176599 ], [ 121.645142206189902, 24.180254265670829 ], [ 121.645240634173803, 24.180255140309921 ], [ 121.645241587551197, 24.180164844645351 ], [ 121.645438443384194, 24.180166594637448 ], [ 121.645439396623203, 24.18007629897355 ], [ 121.645537823483593, 24.180077173427829 ], [ 121.645538776653595, 24.179986877763739 ], [ 121.645637204428596, 24.179987752151131 ], [ 121.645638157534094, 24.17989745738975 ], [ 121.645835012944801, 24.179899205975541 ], [ 121.645835965907395, 24.179808910311941 ], [ 121.646032820194307, 24.17981065864933 ], [ 121.646033773018601, 24.179720362986419 ], [ 121.646132200588994, 24.179721237961409 ], [ 121.646133153344294, 24.179630942298321 ], [ 121.646330008336705, 24.179632690253541 ], [ 121.646330960953705, 24.17954239459111 ], [ 121.646823096115199, 24.179546763379321 ], [ 121.646825953917201, 24.179275877297449 ], [ 121.648794494282697, 24.179293337495629 ], [ 121.648795445168503, 24.17920304185062 ], [ 121.648992299453894, 24.179204786381671 ], [ 121.6489932502014, 24.179114490737369 ], [ 121.6492885314197, 24.17911710705976 ], [ 121.649289481959599, 24.179026811417021 ], [ 121.649584761987995, 24.179029428076959 ], [ 121.649583811651397, 24.179119722814221 ], [ 121.649977519940094, 24.179123210494151 ], [ 121.649976569885496, 24.17921350612977 ], [ 121.6502718513036, 24.179216120542481 ], [ 121.650270901457205, 24.179306416174452 ], [ 121.650467755873194, 24.179308158796658 ], [ 121.650466806165497, 24.179398454425851 ], [ 121.651057369822794, 24.179403680761531 ], [ 121.651056419546904, 24.17949397638866 ], [ 121.651351701579799, 24.179496588695692 ], [ 121.651350752496299, 24.179586884314961 ], [ 121.651449179909307, 24.179587754955939 ], [ 121.651448230895397, 24.179678050573301 ], [ 121.651841940821896, 24.17968153249808 ], [ 121.651840992085397, 24.17977182811088 ], [ 121.6519394196402, 24.17977269933515 ], [ 121.651938470973207, 24.17986299494606 ], [ 121.652036898592499, 24.179863865202989 ], [ 121.652037847190201, 24.17977356959296 ], [ 121.652431558371404, 24.17977704998431 ], [ 121.652430610050899, 24.179867345590829 ], [ 121.652824320520693, 24.179870824965722 ], [ 121.652823372477698, 24.1799611205677 ], [ 121.652921800163796, 24.179961990251609 ], [ 121.652920852194896, 24.18005228675457 ], [ 121.653216135459203, 24.180054895422231 ], [ 121.653217083224803, 24.1799645998248 ], [ 121.653315510909806, 24.17996546925443 ], [ 121.653316458606398, 24.179875173656839 ], [ 121.653513314820998, 24.179876912322911 ], [ 121.653514262379304, 24.179786616726041 ], [ 121.653612689924799, 24.179787485966699 ], [ 121.653613637414097, 24.179697190369669 ], [ 121.653515209937893, 24.17969632112812 ], [ 121.653518052610593, 24.179425433425269 ], [ 121.653714907147105, 24.179427171850069 ], [ 121.653713012310305, 24.17960776395044 ], [ 121.6541067229183, 24.17961124002591 ], [ 121.654104827648098, 24.179791831216441 ], [ 121.654301683719694, 24.179793568867119 ], [ 121.654302630724004, 24.179703273276239 ], [ 121.654499485671593, 24.179705010678621 ], [ 121.654500432537503, 24.179614715088452 ], [ 121.655189425349207, 24.179620794899058 ], [ 121.655190372709896, 24.179530498406962 ], [ 121.655977792353298, 24.179537442826351 ], [ 121.6559768465264, 24.179627738404282 ], [ 121.656173702309999, 24.179629473642748 ], [ 121.656174647998299, 24.17953917806657 ], [ 121.656666785629298, 24.17954351506102 ], [ 121.656665840292106, 24.17963381153562 ], [ 121.656862696071499, 24.179635545884089 ], [ 121.6568617508686, 24.179725841452989 ] ] ] } },
{ "type": "Feature", "properties": { }, "geometry": { "type": "Polygon", "coordinates": [ [ [ 121.616498004483105, 24.180177610969832 ], [ 121.616495083632898, 24.180448494152909 ], [ 121.616593510053605, 24.18044938729539 ], [ 121.616592536504996, 24.18053968138593 ], [ 121.616690962994795, 24.180540574464061 ], [ 121.616691936474098, 24.180450280374309 ], [ 121.616888790298802, 24.180452066337459 ], [ 121.616885870281493, 24.180722949501799 ], [ 121.616590589408304, 24.180720269563871 ], [ 121.616589615864598, 24.18081056455415 ], [ 121.616392761480299, 24.18080877731294 ], [ 121.616393735166994, 24.18071848322397 ], [ 121.616295308538199, 24.180717589956689 ], [ 121.616297256050601, 24.180537001774081 ], [ 121.616198829555898, 24.18053610753876 ], [ 121.616202724859605, 24.180174931157929 ], [ 121.616498004483105, 24.180177610969832 ] ] ] } },
{ "type": "Feature", "properties": { }, "geometry": { "type": "Polygon", "coordinates": [ [ [ 121.617436381293103, 24.175309752081429 ], [ 121.617433463268398, 24.175580634505259 ], [ 121.617039771574397, 24.175577064326369 ], [ 121.617042690426103, 24.17530618099029 ], [ 121.617436381293103, 24.175309752081429 ] ] ] } },
{ "type": "Feature", "properties": { }, "geometry": { "type": "Polygon", "coordinates": [ [ [ 121.587211823198203, 24.193725271929988 ], [ 121.587209832978601, 24.193905857535071 ], [ 121.587111397956903, 24.193904944708361 ], [ 121.587110402779899, 24.193995237961492 ], [ 121.586913530629104, 24.193993412126229 ], [ 121.586912536297802, 24.19408370537591 ], [ 121.586518792706798, 24.19408005384399 ], [ 121.586521778505698, 24.193809174978771 ], [ 121.586620214438497, 24.19381008728115 ], [ 121.586621209966395, 24.19371979492534 ], [ 121.587211823198203, 24.193725271929988 ] ] ] } },
{ "type": "Feature", "properties": { }, "geometry": { "type": "Polygon", "coordinates": [ [ [ 121.604644827372894, 24.19298287497945 ], [ 121.604642861704903, 24.193163462155649 ], [ 121.604347553839901, 24.193160757257541 ], [ 121.604349519924, 24.192980170076861 ], [ 121.604644827372894, 24.19298287497945 ] ] ] } },
{ "type": "Feature", "properties": { }, "geometry": { "type": "Polygon", "coordinates": [ [ [ 121.597560427646698, 24.192646933224371 ], [ 121.597559439818198, 24.19273722641767 ], [ 121.597657874846405, 24.19273813250831 ], [ 121.597655899328203, 24.192918718890311 ], [ 121.597557464161298, 24.19291781280111 ], [ 121.597556476337303, 24.193008106894151 ], [ 121.597359605864597, 24.19300629452642 ], [ 121.597360593831496, 24.192916001334819 ], [ 121.597262157680106, 24.19291509505868 ], [ 121.597264133752901, 24.19273450867087 ], [ 121.5973625687772, 24.19273541404943 ], [ 121.597363556744398, 24.192645120854699 ], [ 121.597560427646698, 24.192646933224371 ] ] ] } },
{ "type": "Feature", "properties": { }, "geometry": { "type": "Polygon", "coordinates": [ [ [ 121.576736367882901, 24.188480576153552 ], [ 121.576734363808399, 24.188661162020271 ], [ 121.576537500681397, 24.188659323521769 ], [ 121.576539505033196, 24.188478737652371 ], [ 121.576736367882901, 24.188480576153552 ] ] ] } },
{ "type": "Feature", "properties": { }, "geometry": { "type": "Polygon", "coordinates": [ [ [ 121.576246217008702, 24.188295394894851 ], [ 121.576245214130694, 24.188385687384589 ], [ 121.576343644992093, 24.18838660640882 ], [ 121.576340638538596, 24.188657484765191 ], [ 121.576045344337999, 24.188654725705661 ], [ 121.576046347354605, 24.188564433217731 ], [ 121.575947916350501, 24.188563513101169 ], [ 121.575949921538097, 24.18838292812455 ], [ 121.576048352403703, 24.188383848242449 ], [ 121.576049354435995, 24.188293555755109 ], [ 121.576246217008702, 24.188295394894851 ] ] ] } },
{ "type": "Feature", "properties": { }, "geometry": { "type": "Polygon", "coordinates": [ [ [ 121.597618686974798, 24.187319618617241 ], [ 121.597617699145403, 24.187409912774939 ], [ 121.597716131063606, 24.18741081800173 ], [ 121.597715143299496, 24.187501111254761 ], [ 121.597813574306898, 24.187502017323961 ], [ 121.597808638790994, 24.187953484461211 ], [ 121.597710207441196, 24.187952579298511 ], [ 121.597709219677498, 24.188042872545299 ], [ 121.597512356834997, 24.18804106112772 ], [ 121.597513343752993, 24.18795076788334 ], [ 121.597414912398705, 24.187949861627018 ], [ 121.597417874341303, 24.187678980978689 ], [ 121.597319443199098, 24.187678075559472 ], [ 121.597322406334598, 24.18740719489573 ], [ 121.597420837273006, 24.187408101220012 ], [ 121.597421824256699, 24.187317807064719 ], [ 121.597618686974798, 24.187319618617241 ] ] ] } },
{ "type": "Feature", "properties": { }, "geometry": { "type": "Polygon", "coordinates": [ [ [ 121.58187775559, 24.18645155324198 ], [ 121.581876757650605, 24.186541846614229 ], [ 121.582270477241707, 24.186545508784 ], [ 121.582269478595293, 24.186635802156211 ], [ 121.582367909053403, 24.18663671731138 ], [ 121.582366911460497, 24.186727010678119 ], [ 121.582465341003697, 24.186727925772789 ], [ 121.582464343480197, 24.186818219137781 ], [ 121.582562773092604, 24.186819134168189 ], [ 121.582560777195994, 24.18699971999456 ], [ 121.582462347445002, 24.186998804965519 ], [ 121.582461348933293, 24.187089097428242 ], [ 121.582067627675002, 24.187085434880711 ], [ 121.582066629874404, 24.18717572824427 ], [ 121.581771339212494, 24.187172980214701 ], [ 121.581772337225104, 24.187082687751971 ], [ 121.581673907404493, 24.187081772214921 ], [ 121.581675903564303, 24.186901186382109 ], [ 121.581577473878198, 24.18690026987721 ], [ 121.581578472029506, 24.186809977409979 ], [ 121.581480042412693, 24.186809060840829 ], [ 121.581483038054898, 24.186538182524199 ], [ 121.581679897852794, 24.186540014696391 ], [ 121.581680896915103, 24.186449721319018 ], [ 121.58187775559, 24.18645155324198 ] ] ] } },
{ "type": "Feature", "properties": { }, "geometry": { "type": "Polygon", "coordinates": [ [ [ 121.598318559926199, 24.18633272810116 ], [ 121.598315598866904, 24.186603608780601 ], [ 121.5981187382434, 24.186601798102821 ], [ 121.598117750759897, 24.186692092265218 ], [ 121.597920889997397, 24.186690281334531 ], [ 121.597919902371203, 24.186780574594469 ], [ 121.597821471922501, 24.186779669485919 ], [ 121.597820485211301, 24.186869962741689 ], [ 121.597722053704899, 24.186869056671242 ], [ 121.597721066928699, 24.186959350829571 ], [ 121.597524204765307, 24.186957539398399 ], [ 121.597529141321502, 24.186506071290019 ], [ 121.597627572550905, 24.186506977490549 ], [ 121.597628559401002, 24.186416684229169 ], [ 121.597825420728199, 24.186418494639 ], [ 121.597826407439896, 24.186328201378021 ], [ 121.598318559926199, 24.18633272810116 ] ] ] } },
{ "type": "Feature", "properties": { }, "geometry": { "type": "Polygon", "coordinates": [ [ [ 121.578644584990599, 24.185066905155882 ], [ 121.578641583317705, 24.185337783581708 ], [ 121.578444725320196, 24.185335947449708 ], [ 121.578447727413007, 24.185065069922729 ], [ 121.578644584990599, 24.185066905155882 ] ] ] } },
{ "type": "Feature", "properties": { }, "geometry": { "type": "Polygon", "coordinates": [ [ [ 121.580325866340502, 24.184360157075069 ], [ 121.580322868201307, 24.184631035491371 ], [ 121.580027583363602, 24.184628284873931 ], [ 121.580030582126497, 24.1843574064515 ], [ 121.580325866340502, 24.184360157075069 ] ] ] } },
{ "type": "Feature", "properties": { }, "geometry": { "type": "Polygon", "coordinates": [ [ [ 121.588465539718698, 24.178204885032361 ], [ 121.588464546348604, 24.178295178454789 ], [ 121.588562970359703, 24.178296089732989 ], [ 121.5885609837582, 24.1784766765733 ], [ 121.588364135458903, 24.178474853956189 ], [ 121.588365128898104, 24.178384560535129 ], [ 121.588266704817599, 24.17838364913052 ], [ 121.588268691834898, 24.178203062283881 ], [ 121.588465539718698, 24.178204885032361 ] ] ] } },
{ "type": "Feature", "properties": { }, "geometry": { "type": "Polygon", "coordinates": [ [ [ 121.587681131927994, 24.177926713117941 ], [ 121.5876731805254, 24.178649058732329 ], [ 121.587771604814094, 24.178649970516219 ], [ 121.587769617104598, 24.17883055735944 ], [ 121.587671192677405, 24.17882964557695 ], [ 121.587668210901597, 24.179100524933169 ], [ 121.587766635536596, 24.17910143671353 ], [ 121.587765641682097, 24.179191730130441 ], [ 121.587864065402101, 24.17919264185036 ], [ 121.587863071616994, 24.179282935265508 ], [ 121.587961496390506, 24.179283846917361 ], [ 121.587959508954697, 24.179464432840291 ], [ 121.5878610840427, 24.179463521189849 ], [ 121.587860090257607, 24.179553814601881 ], [ 121.587761666260405, 24.17955290288479 ], [ 121.587758683709495, 24.17982378221765 ], [ 121.587660259504503, 24.179822870439079 ], [ 121.587659265581095, 24.179913163848369 ], [ 121.587363989805098, 24.179910428144769 ], [ 121.587364983936297, 24.17982013473339 ], [ 121.5871681345414, 24.17981831060797 ], [ 121.587169128811297, 24.179728017194162 ], [ 121.5869722795548, 24.179726192813071 ], [ 121.586973273967402, 24.179635900299711 ], [ 121.586874848916295, 24.17963498801501 ], [ 121.5868778323497, 24.179364107757909 ], [ 121.586976257193001, 24.179365020044699 ], [ 121.586978246014496, 24.1791844341057 ], [ 121.586879821309793, 24.17918352181751 ], [ 121.586880815787893, 24.179093228394279 ], [ 121.586782391152298, 24.179092316041839 ], [ 121.586783385703896, 24.179002023519779 ], [ 121.586684962121794, 24.1790011110993 ], [ 121.586685956738506, 24.178910817672609 ], [ 121.586587532241396, 24.178909905191631 ], [ 121.5865885269275, 24.178819611763199 ], [ 121.586490102499695, 24.17881869921796 ], [ 121.586491097255006, 24.178728405787801 ], [ 121.586392672896395, 24.178727493178311 ], [ 121.586393667725204, 24.178637200649302 ], [ 121.5862952444201, 24.178636287971759 ], [ 121.586296239314095, 24.178545994538101 ], [ 121.586197815093996, 24.178545081800092 ], [ 121.586199805024805, 24.178364495831161 ], [ 121.586298229106404, 24.178365408570549 ], [ 121.586299224000498, 24.178275115133761 ], [ 121.586397647028605, 24.178276027814078 ], [ 121.586398641853506, 24.178185734376971 ], [ 121.586595489739295, 24.178187559540749 ], [ 121.586596484425598, 24.17809726610399 ], [ 121.586891755061899, 24.17810000337883 ], [ 121.586892749544603, 24.178009710845998 ], [ 121.587089596168596, 24.178011535380751 ], [ 121.587090590508694, 24.177921241945391 ], [ 121.587287437978205, 24.177923066223499 ], [ 121.587286443772399, 24.178013358754601 ], [ 121.587384866592103, 24.178014270801398 ], [ 121.587385860728602, 24.177923978271011 ], [ 121.587681131927994, 24.177926713117941 ] ] ] } },
{ "type": "Feature", "properties": { }, "geometry": { "type": "Polygon", "coordinates": [ [ [ 121.584684204961206, 24.191674086772402 ], [ 121.584623353235799, 24.19178666579597 ], [ 121.584588455771694, 24.191846555622799 ], [ 121.584552112371199, 24.191901057943099 ], [ 121.584516408974594, 24.191945676421941 ], [ 121.584477962863602, 24.191983729562221 ], [ 121.584458427003199, 24.191999239615321 ], [ 121.584438619848399, 24.192012457330719 ], [ 121.5844184933013, 24.192023411785669 ], [ 121.584398032627206, 24.192032109356859 ], [ 121.584377214245094, 24.19203855916362 ], [ 121.584356020467595, 24.1920427675939 ], [ 121.584309498085005, 24.192049085696581 ], [ 121.584278323881605, 24.19205103268132 ], [ 121.584254332451906, 24.19204914187241 ], [ 121.584238213902196, 24.192043219212369 ], [ 121.584232213844501, 24.192037887992232 ], [ 121.584227668667594, 24.192030626204321 ], [ 121.584222844684007, 24.192010129818719 ], [ 121.584144547973196, 24.191994040405991 ], [ 121.584059926150999, 24.1919710499186 ], [ 121.583977010230299, 24.191943316214321 ], [ 121.583907763908101, 24.191914806870852 ], [ 121.583869516837794, 24.19189586600357 ], [ 121.583832479508104, 24.191875413546128 ], [ 121.583797610108107, 24.19185398125121 ], [ 121.583765479179505, 24.19183192267921 ], [ 121.583736684196893, 24.191809669840382 ], [ 121.583711285533397, 24.191787295640651 ], [ 121.583689473928999, 24.1917649690972 ], [ 121.583671363113893, 24.191742808056471 ], [ 121.583648415573407, 24.191705545506611 ], [ 121.583493219483103, 24.191704102763111 ], [ 121.583495213989707, 24.191523517059039 ], [ 121.583593648190501, 24.19152443135043 ], [ 121.5835946448844, 24.191434138950829 ], [ 121.583496211733106, 24.191433223752089 ], [ 121.583497208496397, 24.191342931350771 ], [ 121.583398775414395, 24.191342016087749 ], [ 121.5833997732272, 24.191251722778041 ], [ 121.5832029052373, 24.191249892970259 ], [ 121.5831979174406, 24.19170135770192 ], [ 121.583001049737405, 24.191699526739949 ], [ 121.583002047831499, 24.19160923433455 ], [ 121.582903613557093, 24.19160831875935 ], [ 121.582905609879901, 24.191427733041181 ], [ 121.582807175744094, 24.191426817400998 ], [ 121.582809171221399, 24.19124623168106 ], [ 121.582710738212597, 24.19124531687503 ], [ 121.582714730429302, 24.190884145416071 ], [ 121.582813163160793, 24.190885060224819 ], [ 121.582814161393898, 24.190794767808651 ], [ 121.582912594055998, 24.190795682554509 ], [ 121.582913592219796, 24.190705390137989 ], [ 121.583012024812604, 24.190706304820921 ], [ 121.583014020997496, 24.190525719083251 ], [ 121.582817155100798, 24.190523888751901 ], [ 121.582818152349702, 24.190433596335328 ], [ 121.582719719960593, 24.190432680620251 ], [ 121.582720717278903, 24.19034238820193 ], [ 121.5826222849592, 24.190341472422581 ], [ 121.582627274838202, 24.189890007592041 ], [ 121.582528842869095, 24.189889092648521 ], [ 121.582531836216603, 24.189618213558049 ], [ 121.582630268966099, 24.18961912940274 ], [ 121.582632264722093, 24.189438543638271 ], [ 121.582730696348605, 24.189439459424509 ], [ 121.582731694647407, 24.189349166088071 ], [ 121.582830127188799, 24.189350081807611 ], [ 121.582831124434094, 24.189259788474601 ], [ 121.583520148772806, 24.189266194038279 ], [ 121.583519151028597, 24.189356487370269 ], [ 121.583528280739202, 24.189356572506469 ], [ 121.5835447150005, 24.189346729334289 ], [ 121.583563320946496, 24.18933804168967 ], [ 121.583606951626905, 24.189324175785021 ], [ 121.583658923137705, 24.18931505519658 ], [ 121.583718748664396, 24.189310769361711 ], [ 121.5837868972216, 24.189311424823281 ], [ 121.583860871143202, 24.189317123233259 ], [ 121.583938426570299, 24.18932771878238 ], [ 121.584013858999498, 24.189342445988871 ], [ 121.584083876763202, 24.189361693979929 ], [ 121.584154616787202, 24.189387590864872 ], [ 121.584222952636097, 24.189418983879129 ], [ 121.584286519987003, 24.189454780545692 ], [ 121.584342870009706, 24.189493488728768 ], [ 121.584391536057694, 24.18953465696757 ], [ 121.584431670316604, 24.189577564391151 ], [ 121.584448382247402, 24.189599505891 ], [ 121.584462796980105, 24.189621694563829 ], [ 121.584475734860405, 24.189647464397961 ], [ 121.5844866531626, 24.1896780282691 ], [ 121.584495369730007, 24.189711212683289 ], [ 121.584516421909299, 24.189806473199869 ], [ 121.584524945058902, 24.189834793506581 ], [ 121.584534562466999, 24.18985916392597 ], [ 121.584546181304304, 24.189882314972131 ], [ 121.584560249545305, 24.189905784377881 ], [ 121.584596487778896, 24.189954878043309 ], [ 121.584635773611296, 24.189999477092101 ], [ 121.584729961441496, 24.190098429817571 ], [ 121.584769579726597, 24.190145115068159 ], [ 121.584798234809895, 24.190186165812971 ], [ 121.584818970254503, 24.1902254944014 ], [ 121.584830166834294, 24.190253593151208 ], [ 121.584839673839497, 24.190282873060731 ], [ 121.584853695072695, 24.19034522707603 ], [ 121.584861176448399, 24.19041315543063 ], [ 121.584862260446798, 24.19048790178023 ], [ 121.584858473961006, 24.19055484315556 ], [ 121.584850352254193, 24.190630342635171 ], [ 121.584810749227699, 24.190887099860579 ], [ 121.584798858575098, 24.19098202893646 ], [ 121.584792325695105, 24.191064051211271 ], [ 121.5847784055034, 24.191298248340111 ], [ 121.584771422618999, 24.191369659606629 ], [ 121.584762560160499, 24.191432753310568 ], [ 121.584748787252494, 24.19150173743563 ], [ 121.584731333222706, 24.191564291657059 ], [ 121.584709877465897, 24.191621557571111 ], [ 121.584684204961206, 24.191674086772402 ] ] ] } },
{ "type": "Feature", "properties": { }, "geometry": { "type": "Polygon", "coordinates": [ [ [ 121.586809339906907, 24.19110277435864 ], [ 121.587043806774304, 24.191104948592319 ], [ 121.587045796289999, 24.190924362923539 ], [ 121.587144230004, 24.190925274930208 ], [ 121.587145225186802, 24.190834982544501 ], [ 121.587306297711606, 24.190836475688659 ], [ 121.5873361065876, 24.190820183504179 ], [ 121.587371025642099, 24.190803606167918 ], [ 121.587464099592097, 24.190766023466569 ], [ 121.587489635024696, 24.19075777814729 ], [ 121.587519011682005, 24.190751140535369 ], [ 121.5876396709331, 24.19073467143571 ], [ 121.587690096535198, 24.190723655720848 ], [ 121.5877202764147, 24.19071359206611 ], [ 121.587752769962606, 24.19070042884497 ], [ 121.587885752373097, 24.190636236017252 ], [ 121.587945934792799, 24.190612010127278 ], [ 121.588033960564005, 24.19058572652774 ], [ 121.588034108722795, 24.190572313324399 ], [ 121.588086794764493, 24.190572801681689 ], [ 121.588157238229101, 24.190558397631229 ], [ 121.588231280980395, 24.190546291091088 ], [ 121.588231969035306, 24.19048384453226 ], [ 121.588428834788601, 24.190485667869321 ], [ 121.588428390961894, 24.190526022145249 ], [ 121.588540018154305, 24.190515181595099 ], [ 121.588598720876107, 24.190512594730219 ], [ 121.588627065708494, 24.19051342880525 ], [ 121.588653061780605, 24.190515931482398 ], [ 121.588677138440502, 24.190520144444019 ], [ 121.588699509465201, 24.190526107496009 ], [ 121.588773962626604, 24.19055088722833 ], [ 121.588799624430706, 24.19056162113635 ], [ 121.588820781747501, 24.19057249884764 ], [ 121.588838443595193, 24.190584187323331 ], [ 121.588851800291394, 24.19059634478355 ], [ 121.588860920049498, 24.190609035974951 ], [ 121.5888658246635, 24.19062229151287 ], [ 121.5888670881791, 24.190638941587999 ], [ 121.588864885046306, 24.190659464968121 ], [ 121.588859276451501, 24.190682824883631 ], [ 121.588851126452496, 24.190705342276249 ], [ 121.588845842182494, 24.190715088766389 ], [ 121.588839056530006, 24.19072347947812 ], [ 121.588830750889002, 24.190730535249941 ], [ 121.588820902720201, 24.19073627783834 ], [ 121.588796461009096, 24.190743894345189 ], [ 121.5887652026192, 24.19074649807526 ], [ 121.588735152225894, 24.19074508372729 ], [ 121.588698870655094, 24.190740550433279 ], [ 121.588573265588806, 24.190717160931349 ], [ 121.588529460062702, 24.190710278402339 ], [ 121.588491137602801, 24.19070672085131 ], [ 121.5884590686358, 24.190706856401341 ], [ 121.588426374179903, 24.190709252520922 ], [ 121.588425852935899, 24.190756546810508 ], [ 121.588228986766694, 24.190754723477649 ], [ 121.588227992350596, 24.190845016759599 ], [ 121.588031126038402, 24.190843192270862 ], [ 121.588031959879402, 24.190767438159661 ], [ 121.587899994193094, 24.19079791729089 ], [ 121.587765999979794, 24.190834021996761 ], [ 121.587613696982899, 24.190876217731311 ], [ 121.587536764677793, 24.190900491806211 ], [ 121.5874652659963, 24.190928696909239 ], [ 121.587433789360801, 24.1909438407328 ], [ 121.587404670409896, 24.190959905454541 ], [ 121.587378769191204, 24.190978988817999 ], [ 121.587340130946899, 24.191014815042141 ], [ 121.587339107356001, 24.1911076862269 ], [ 121.587240674483596, 24.19110677344214 ], [ 121.587239679374505, 24.191197066726911 ], [ 121.586944378584604, 24.191194328903631 ], [ 121.586943640016301, 24.191261359696451 ], [ 121.586848513611699, 24.191349353676092 ], [ 121.586822087523302, 24.191373799505708 ], [ 121.586766780806698, 24.191373286494692 ], [ 121.586531742812596, 24.19159070289836 ], [ 121.586329684928003, 24.191724271249019 ], [ 121.586290272509203, 24.191547368882642 ], [ 121.586747920663001, 24.191155381923249 ], [ 121.586809339906907, 24.19110277435864 ] ] ] } },
{ "type": "Feature", "properties": { }, "geometry": { "type": "Polygon", "coordinates": [ [ [ 121.579787157473106, 24.197448938773022 ], [ 121.579786157166197, 24.1975392320353 ], [ 121.579884595033505, 24.197540149541059 ], [ 121.579881594312596, 24.197811027513819 ], [ 121.5796847171775, 24.197809192446471 ], [ 121.579685718538101, 24.197718899182892 ], [ 121.579587279547596, 24.19771798155498 ], [ 121.579590280892702, 24.197447103573001 ], [ 121.579787157473106, 24.197448938773022 ] ] ] } },
{ "type": "Feature", "properties": { }, "geometry": { "type": "Polygon", "coordinates": [ [ [ 121.555151585451, 24.190805916832169 ], [ 121.555148533285106, 24.191076791902749 ], [ 121.555050101194993, 24.191075859222941 ], [ 121.555049083408903, 24.191166150912849 ], [ 121.5546553547603, 24.19116241685138 ], [ 121.554658407966201, 24.190891541774739 ], [ 121.554756839921296, 24.190892475613079 ], [ 121.554757856930905, 24.190802183921761 ], [ 121.555151585451, 24.190805916832169 ] ] ] } },
{ "type": "Feature", "properties": { }, "geometry": { "type": "Polygon", "coordinates": [ [ [ 121.570022926420293, 24.1902237710406 ], [ 121.570021919175304, 24.190314063548929 ], [ 121.570120351565805, 24.190314987467861 ], [ 121.570118337214396, 24.19049557248011 ], [ 121.569823040615304, 24.19049280143571 ], [ 121.569826061781896, 24.190221923913551 ], [ 121.570022926420293, 24.1902237710406 ] ] ] } },
{ "type": "Feature", "properties": { }, "geometry": { "type": "Polygon", "coordinates": [ [ [ 121.565513231501399, 24.188555958689069 ], [ 121.565510201181795, 24.188826835449891 ], [ 121.565411770885504, 24.188825908528131 ], [ 121.565410760382804, 24.188916201082471 ], [ 121.565213898671303, 24.188914347956011 ], [ 121.565216928630505, 24.188643471196219 ], [ 121.565315359768505, 24.188644397339878 ], [ 121.565316369360104, 24.188554105688311 ], [ 121.565513231501399, 24.188555958689069 ] ] ] } },
{ "type": "Feature", "properties": { }, "geometry": { "type": "Polygon", "coordinates": [ [ [ 121.568501427494397, 24.18542349103507 ], [ 121.568500420125403, 24.185513783605469 ], [ 121.568598847853906, 24.185514707677029 ], [ 121.568597840554204, 24.18560500024574 ], [ 121.568794698122403, 24.18560684909237 ], [ 121.568793689976999, 24.185697141662409 ], [ 121.568892118828501, 24.185698065538261 ], [ 121.568890103660394, 24.18587865067024 ], [ 121.568791675650601, 24.185877725889149 ], [ 121.568790667505198, 24.185968018456059 ], [ 121.569085954687296, 24.185970790789899 ], [ 121.569084946749697, 24.18606108335381 ], [ 121.569281805011201, 24.18606293155813 ], [ 121.569279790393495, 24.186243515773679 ], [ 121.569476648932095, 24.186245363721071 ], [ 121.569475641271794, 24.18633565627924 ], [ 121.569574070608397, 24.186336579705479 ], [ 121.569572056410493, 24.18651716481375 ], [ 121.569375198440198, 24.18651531699377 ], [ 121.569374190710406, 24.186605609549481 ], [ 121.569275761165898, 24.186604685998049 ], [ 121.569276768964897, 24.186514393441691 ], [ 121.569178339489696, 24.186513469826011 ], [ 121.569172295224206, 24.187055223335609 ], [ 121.569073866317396, 24.187054299656602 ], [ 121.569072858379698, 24.187144592207989 ], [ 121.568777569474804, 24.187141818992909 ], [ 121.568779584785901, 24.186961234791749 ], [ 121.568681154960203, 24.186960309958501 ], [ 121.568685185855301, 24.186599140638151 ], [ 121.568586756310793, 24.186598216641631 ], [ 121.568587763610694, 24.18650792408441 ], [ 121.568489334135606, 24.186507000023639 ], [ 121.568490342489, 24.186416707461049 ], [ 121.568391913079196, 24.186415782433169 ], [ 121.568393928944502, 24.18623519821011 ], [ 121.568295499677205, 24.186234274020251 ], [ 121.568297515677003, 24.18605368888883 ], [ 121.568199086548503, 24.186052764634091 ], [ 121.568200095109802, 24.185962472064329 ], [ 121.568101666046502, 24.185961546842481 ], [ 121.568102673696799, 24.185871255177581 ], [ 121.568004244702905, 24.18587032989149 ], [ 121.568006261122406, 24.18568974565073 ], [ 121.568104689973694, 24.185690670035211 ], [ 121.568106706254596, 24.18551008579157 ], [ 121.568205133983, 24.185511010117441 ], [ 121.568206142544298, 24.185420717541412 ], [ 121.568501427494397, 24.18542349103507 ] ] ] } },
{ "type": "Feature", "properties": { }, "geometry": { "type": "Polygon", "coordinates": [ [ [ 121.569413466598604, 24.183084205518799 ], [ 121.569412458869294, 24.183174498114191 ], [ 121.569510885780502, 24.18317542162676 ], [ 121.5695098791047, 24.18326571421678 ], [ 121.5696083060852, 24.18326663766512 ], [ 121.569606291887993, 24.183447222844411 ], [ 121.569704719007106, 24.183448146227871 ], [ 121.569703712469902, 24.183538438813461 ], [ 121.570097420243201, 24.18354213261556 ], [ 121.570096413983194, 24.183632425197509 ], [ 121.570194841240905, 24.183633348261779 ], [ 121.570192827875204, 24.18381393342489 ], [ 121.570389682667795, 24.183815779360149 ], [ 121.570388676615707, 24.183906071936981 ], [ 121.570585531550904, 24.183907918519509 ], [ 121.5705845246531, 24.183998211097681 ], [ 121.570682952187994, 24.1839991338415 ], [ 121.570679933666895, 24.184270010657521 ], [ 121.570778361413701, 24.184270934238661 ], [ 121.570774337325403, 24.184632103609221 ], [ 121.570479054245595, 24.184629334484971 ], [ 121.570480060232498, 24.184539042820042 ], [ 121.570381632277801, 24.18453811905011 ], [ 121.570382638330003, 24.184447826480572 ], [ 121.570284210448605, 24.184446903549311 ], [ 121.5702852175543, 24.184356610974401 ], [ 121.570186789742294, 24.184355687978911 ], [ 121.570187795933094, 24.18426539540598 ], [ 121.569794085942206, 24.184261701879048 ], [ 121.569795092410203, 24.184171409302451 ], [ 121.569696664736696, 24.184170485987771 ], [ 121.569697671274, 24.18408019340951 ], [ 121.5695992446541, 24.18407927002692 ], [ 121.569600251260695, 24.183988977446951 ], [ 121.569501823725801, 24.18398805400378 ], [ 121.569500817045906, 24.18407834568152 ], [ 121.569402389441805, 24.18407742217547 ], [ 121.569405410665496, 24.18380654532772 ], [ 121.569208555868997, 24.183804697218079 ], [ 121.569209562752803, 24.183714404632379 ], [ 121.569012709083196, 24.183712557166331 ], [ 121.569016738160499, 24.183351387707091 ], [ 121.568918311106799, 24.183350462975039 ], [ 121.568919318202305, 24.183260171285049 ], [ 121.569017745182705, 24.183261095114851 ], [ 121.569019759227203, 24.183080509927269 ], [ 121.569413466598604, 24.183084205518799 ] ] ] } },
{ "type": "Feature", "properties": { }, "geometry": { "type": "Polygon", "coordinates": [ [ [ 121.5683428653617, 24.181990531395069 ], [ 121.568340850347596, 24.1821711166168 ], [ 121.568045571897201, 24.18216834267546 ], [ 121.568047588315395, 24.181987758349049 ], [ 121.5683428653617, 24.181990531395069 ] ] ] } },
{ "type": "Feature", "properties": { }, "geometry": { "type": "Polygon", "coordinates": [ [ [ 121.569168538660904, 24.17856681169097 ], [ 121.569166524752305, 24.178747396078752 ], [ 121.569068101236098, 24.17874647228005 ], [ 121.569067094214503, 24.178836764924451 ], [ 121.568771824442507, 24.178833993145229 ], [ 121.5687738389054, 24.178653408754329 ], [ 121.568872261368, 24.178654332748049 ], [ 121.568873268528193, 24.17856404010022 ], [ 121.569168538660904, 24.17856681169097 ] ] ] } },
{ "type": "Feature", "properties": { }, "geometry": { "type": "Polygon", "coordinates": [ [ [ 121.568687502066098, 24.177568974651919 ], [ 121.568293812592302, 24.177565278669981 ], [ 121.568296835319202, 24.17729440067415 ], [ 121.568395256742605, 24.177295324995381 ], [ 121.568396264249003, 24.177205032328661 ], [ 121.568691531264193, 24.17720780490199 ], [ 121.568692538562701, 24.17711751223618 ], [ 121.568790959847703, 24.17711843630449 ], [ 121.568792974306106, 24.176937850971012 ], [ 121.568891396436698, 24.176938774973411 ], [ 121.5688924036006, 24.176848483208641 ], [ 121.568990825658005, 24.176849406245228 ], [ 121.568991832752602, 24.176759114480081 ], [ 121.569216334850694, 24.17676122099456 ], [ 121.569233363658896, 24.17673486116016 ], [ 121.569252972544703, 24.176708392372479 ], [ 121.569299980443205, 24.17665506183474 ], [ 121.569357479854105, 24.17660106729867 ], [ 121.569426317561593, 24.176545609226409 ], [ 121.569494877883599, 24.176495966881511 ], [ 121.569550683746996, 24.176461358597429 ], [ 121.569602788519902, 24.176436176925002 ], [ 121.569627664101503, 24.176427091049149 ], [ 121.569651927741006, 24.17642027465509 ], [ 121.569684718763796, 24.176412641773929 ], [ 121.569684811148207, 24.17640440872152 ], [ 121.569722327303396, 24.176404760645671 ], [ 121.569783338413203, 24.176395853945341 ], [ 121.569784238415593, 24.17631503949146 ], [ 121.569882660061495, 24.176315962862841 ], [ 121.569883666528597, 24.176225670194398 ], [ 121.569982088105206, 24.176226593502911 ], [ 121.569983094503101, 24.17613630083407 ], [ 121.570116042967101, 24.176137548257991 ], [ 121.570297985799996, 24.175906060487939 ], [ 121.570160813891306, 24.175574595230181 ], [ 121.570384085756402, 24.174923637298161 ], [ 121.570910253558395, 24.174575857622209 ], [ 121.571196845529002, 24.174602449515149 ], [ 121.571258200783305, 24.174837371028389 ], [ 121.5710347488981, 24.175446834145799 ], [ 121.571142629553293, 24.175972061094299 ], [ 121.571098690369794, 24.176262707097671 ], [ 121.570692028386603, 24.176361056405462 ], [ 121.570373821066198, 24.17640552148605 ], [ 121.570372756045202, 24.176501163190881 ], [ 121.570175912476302, 24.176499317022682 ], [ 121.570174906217005, 24.17658960968603 ], [ 121.570076484363298, 24.176588686507252 ], [ 121.570075479018797, 24.176678979166539 ], [ 121.569736171514904, 24.176675796850159 ], [ 121.569668356116793, 24.176724526389201 ], [ 121.569598805838694, 24.176776209467711 ], [ 121.569523277764205, 24.176828843932771 ], [ 121.569450691735398, 24.176876230513049 ], [ 121.569383804572595, 24.176916609084881 ], [ 121.569383506105893, 24.176943394035678 ], [ 121.5693359515179, 24.176942947686399 ], [ 121.569284802275703, 24.176967714879769 ], [ 121.569284077092306, 24.17703276301506 ], [ 121.569185655876595, 24.17703183926389 ], [ 121.569184648924406, 24.177122131927501 ], [ 121.568987804385998, 24.177120284243109 ], [ 121.568986797295295, 24.177210576906969 ], [ 121.568789953602604, 24.177208728965979 ], [ 121.568786931910907, 24.177479606052319 ], [ 121.568688509364605, 24.17747868199028 ], [ 121.568687502066098, 24.177568974651919 ] ] ] } },
{ "type": "Feature", "properties": { }, "geometry": { "type": "Polygon", "coordinates": [ [ [ 121.542443638837995, 24.191587913936221 ], [ 121.542439533174004, 24.191949079155091 ], [ 121.542341100332095, 24.191948138277869 ], [ 121.542340074582896, 24.19203842912648 ], [ 121.541847912966404, 24.192033720167181 ], [ 121.541850993218503, 24.191762846699689 ], [ 121.541949424940597, 24.191763788802461 ], [ 121.541951477973498, 24.191583206186898 ], [ 121.542443638837995, 24.191587913936221 ] ] ] } },
{ "type": "Feature", "properties": { }, "geometry": { "type": "Polygon", "coordinates": [ [ [ 121.5312945818158, 24.176581228366299 ], [ 121.531292514559993, 24.176761810544171 ], [ 121.531194094288907, 24.1767608622586 ], [ 121.531192026894004, 24.1769414444334 ], [ 121.530896766650002, 24.1769385991952 ], [ 121.530898833476201, 24.176758017020521 ], [ 121.530997253747003, 24.17675896549677 ], [ 121.530999321418307, 24.176578383315579 ], [ 121.5312945818158, 24.176581228366299 ] ] ] } },
{ "type": "Feature", "properties": { }, "geometry": { "type": "Polygon", "coordinates": [ [ [ 121.491496538997197, 24.196058589827821 ], [ 121.491495476473105, 24.196148879082521 ], [ 121.491593908886301, 24.1961498536674 ], [ 121.491592847415603, 24.196240142917439 ], [ 121.491691279898305, 24.196241117438269 ], [ 121.491685968946697, 24.196692562780409 ], [ 121.491489101319502, 24.196690613685931 ], [ 121.491490163845199, 24.19660032443749 ], [ 121.491391730104894, 24.196599350697308 ], [ 121.491393855294206, 24.19641877219642 ], [ 121.491295421689301, 24.19641779748887 ], [ 121.491297547016103, 24.196237218982919 ], [ 121.491199113550195, 24.196236244210851 ], [ 121.491201239017997, 24.196055666602739 ], [ 121.491496538997197, 24.196058589827821 ] ] ] } },
{ "type": "Feature", "properties": { }, "geometry": { "type": "Polygon", "coordinates": [ [ [ 121.471023172663905, 24.187547000516261 ], [ 121.471022095678805, 24.18763728905045 ], [ 121.471120521645204, 24.187638276060561 ], [ 121.471117292864193, 24.18790914164963 ], [ 121.4709204405126, 24.187907166665269 ], [ 121.470921517568101, 24.187816878133841 ], [ 121.470823091463799, 24.18781589099736 ], [ 121.470826320867403, 24.18754502540169 ], [ 121.471023172663905, 24.187547000516261 ] ] ] } },
{ "type": "Feature", "properties": { }, "geometry": { "type": "Polygon", "coordinates": [ [ [ 121.473706455984797, 24.185406714394279 ], [ 121.473703232634804, 24.185677580031872 ], [ 121.473506383729898, 24.18567560833403 ], [ 121.473509607498997, 24.185404743597001 ], [ 121.473706455984797, 24.185406714394279 ] ] ] } },
{ "type": "Feature", "properties": { }, "geometry": { "type": "Polygon", "coordinates": [ [ [ 121.641935179027698, 24.167041367423671 ], [ 121.641934223190205, 24.16713166326884 ], [ 121.642032641134193, 24.16713253928949 ], [ 121.642030730578, 24.16731313006802 ], [ 121.641735478293398, 24.16731050090937 ], [ 121.641738344257007, 24.167039614283041 ], [ 121.641935179027698, 24.167041367423671 ] ] ] } },
{ "type": "Feature", "properties": { }, "geometry": { "type": "Polygon", "coordinates": [ [ [ 121.6444070574656, 24.165979710745631 ], [ 121.644406103356204, 24.166070006582 ], [ 121.6446029375699, 24.16607175540361 ], [ 121.644600077622201, 24.166342641990131 ], [ 121.644403242992993, 24.166340893173661 ], [ 121.644402289868694, 24.16643118900172 ], [ 121.644205456079604, 24.166429439025769 ], [ 121.644206409342402, 24.166339143196019 ], [ 121.644107992027003, 24.16633826856544 ], [ 121.644110853013302, 24.166067381966069 ], [ 121.644209270120996, 24.166068256599221 ], [ 121.644210223389393, 24.16597796166819 ], [ 121.6444070574656, 24.165979710745631 ] ] ] } },
{ "type": "Feature", "properties": { }, "geometry": { "type": "Polygon", "coordinates": [ [ [ 121.647966226604396, 24.164476134565721 ], [ 121.647965275967096, 24.164566430384621 ], [ 121.648063691887899, 24.164567302554769 ], [ 121.648062740336002, 24.16465759837596 ], [ 121.648161156325699, 24.16465847048174 ], [ 121.648157353345695, 24.165019652837191 ], [ 121.648058937079099, 24.16501878073489 ], [ 121.648057986512597, 24.165109076546699 ], [ 121.647467489466905, 24.165103840794 ], [ 121.647468440453295, 24.165013545879891 ], [ 121.647271608895593, 24.165011799815289 ], [ 121.647270657775294, 24.16510209563403 ], [ 121.647073825093997, 24.165100349321222 ], [ 121.647072873835498, 24.165190645140619 ], [ 121.646777624606301, 24.165188025648991 ], [ 121.646778577061099, 24.165097730725709 ], [ 121.646680160716997, 24.165096856831969 ], [ 121.646682063793307, 24.164916266086038 ], [ 121.646780479994305, 24.164917139078579 ], [ 121.646781431461307, 24.164826843253479 ], [ 121.647273511141506, 24.164831209077619 ], [ 121.647274463246703, 24.16474091325161 ], [ 121.647372878323694, 24.164741785868891 ], [ 121.647374781412196, 24.164561194219669 ], [ 121.647473197339096, 24.164562067673849 ], [ 121.647474148322502, 24.164471771850621 ], [ 121.647966226604396, 24.164476134565721 ] ] ] } },
{ "type": "Feature", "properties": { }, "geometry": { "type": "Polygon", "coordinates": [ [ [ 121.644328662523804, 24.16408262980363 ], [ 121.644326756119895, 24.164263220609499 ], [ 121.644228340397106, 24.16426234602276 ], [ 121.644227387128495, 24.16435264187643 ], [ 121.644030556527795, 24.16435089250994 ], [ 121.644033416754198, 24.164080005843569 ], [ 121.644328662523804, 24.16408262980363 ] ] ] } },
{ "type": "Feature", "properties": { }, "geometry": { "type": "Polygon", "coordinates": [ [ [ 121.645513456060797, 24.163731940145141 ], [ 121.6455105989468, 24.164002826785431 ], [ 121.645313767917898, 24.16400107816504 ], [ 121.645312815410094, 24.164091374012411 ], [ 121.645115985230305, 24.164089626038329 ], [ 121.645118843174302, 24.163818739390859 ], [ 121.645217258548698, 24.163819613410151 ], [ 121.645218211126505, 24.163729317558801 ], [ 121.645513456060797, 24.163731940145141 ] ] ] } },
{ "type": "Feature", "properties": { }, "geometry": { "type": "Polygon", "coordinates": [ [ [ 121.639623869322506, 24.16223466237663 ], [ 121.639622912790401, 24.162324957390179 ], [ 121.639721327070802, 24.162325834980301 ], [ 121.639719413166205, 24.162506425909591 ], [ 121.639620999731406, 24.162505548317039 ], [ 121.639620043199997, 24.16259584332747 ], [ 121.639423215207202, 24.162594087957618 ], [ 121.639424171877096, 24.1625037929455 ], [ 121.639325758441501, 24.16250291516241 ], [ 121.639327671915893, 24.162322324230491 ], [ 121.639426085212904, 24.16232320201528 ], [ 121.639427041879003, 24.16223290609717 ], [ 121.639623869322506, 24.16223466237663 ] ] ] } },
{ "type": "Feature", "properties": { }, "geometry": { "type": "Polygon", "coordinates": [ [ [ 121.648396958230705, 24.160958090656269 ], [ 121.648395057489793, 24.161138682367181 ], [ 121.6482966442004, 24.161137810354699 ], [ 121.648295693761099, 24.16122810620946 ], [ 121.648098867043203, 24.161226361995649 ], [ 121.6481017197613, 24.160955474418881 ], [ 121.648396958230705, 24.160958090656269 ] ] ] } },
{ "type": "Feature", "properties": { }, "geometry": { "type": "Polygon", "coordinates": [ [ [ 121.643383624396293, 24.16037176237209 ], [ 121.643382670494006, 24.160462058278149 ], [ 121.643481082327497, 24.160462933476559 ], [ 121.6434791746576, 24.160643524380969 ], [ 121.6431839367728, 24.160640898608559 ], [ 121.643186798898697, 24.160370011791301 ], [ 121.643383624396293, 24.16037176237209 ] ] ] } },
{ "type": "Feature", "properties": { }, "geometry": { "type": "Polygon", "coordinates": [ [ [ 121.646300776523006, 24.16373892940609 ], [ 121.6460055315994, 24.163736309247199 ], [ 121.646006483623594, 24.163646013401689 ], [ 121.645908068389701, 24.163645139888889 ], [ 121.645909973561402, 24.163464548188859 ], [ 121.646008387672694, 24.163465421707549 ], [ 121.646009339702204, 24.1633751267618 ], [ 121.646304584779301, 24.16337774692683 ], [ 121.646304404175098, 24.16339485132826 ], [ 121.646357162566005, 24.163374424507531 ], [ 121.646409660437598, 24.163357181495481 ], [ 121.646461483200198, 24.163343259484179 ], [ 121.646512314402599, 24.163332741979339 ], [ 121.646600514660307, 24.163315260009401 ], [ 121.646600780484306, 24.163290071582718 ], [ 121.647092854277901, 24.163294437212521 ], [ 121.647090000483004, 24.16356532382709 ], [ 121.646621791836907, 24.163561170355251 ], [ 121.646517873615807, 24.163609938529039 ], [ 121.646473225063602, 24.163627830908091 ], [ 121.646432312402993, 24.163641873729741 ], [ 121.646394560768101, 24.16365223014904 ], [ 121.646360227457095, 24.163658793438799 ], [ 121.646329248563802, 24.163661574706811 ], [ 121.646301602455196, 24.163660576755461 ], [ 121.646300776523006, 24.16373892940609 ] ] ] } },
{ "type": "Feature", "properties": { }, "geometry": { "type": "Polygon", "coordinates": [ [ [ 121.607252376182103, 24.17043100765947 ], [ 121.607249436521798, 24.170701889585541 ], [ 121.606855761426303, 24.17069829370288 ], [ 121.606858701917602, 24.170427411767751 ], [ 121.607252376182103, 24.17043100765947 ] ] ] } },
{ "type": "Feature", "properties": { }, "geometry": { "type": "Polygon", "coordinates": [ [ [ 121.6076460504446, 24.17043460253451 ], [ 121.607644091555898, 24.170615191080859 ], [ 121.607348834703402, 24.170612494575899 ], [ 121.607350794007701, 24.170431906025019 ], [ 121.6076460504446, 24.17043460253451 ] ] ] } },
{ "type": "Feature", "properties": { }, "geometry": { "type": "Polygon", "coordinates": [ [ [ 121.622126236811496, 24.169392184131279 ], [ 121.622125267052695, 24.16948247830662 ], [ 121.622223685997596, 24.169483367982021 ], [ 121.6222207779185, 24.169754251398249 ], [ 121.622319197070993, 24.16975514100773 ], [ 121.622318227451402, 24.169845435177319 ], [ 121.622219809218194, 24.169844546467491 ], [ 121.622218839529495, 24.16993484063682 ], [ 121.622022001935406, 24.16993306212926 ], [ 121.622022971762604, 24.16984276795834 ], [ 121.621924552540406, 24.169841878159041 ], [ 121.621925522436996, 24.169751583986301 ], [ 121.621728685118896, 24.16974980509432 ], [ 121.621727715083793, 24.169840099268669 ], [ 121.621629296849505, 24.16983921017761 ], [ 121.621628326745295, 24.1699295043517 ], [ 121.621431489149302, 24.169927725081671 ], [ 121.621432459391897, 24.169837430906 ], [ 121.621334040168705, 24.169836540725449 ], [ 121.621335979804499, 24.16965595147051 ], [ 121.621434398889306, 24.16965684165265 ], [ 121.621435368144006, 24.16956654657497 ], [ 121.621730624201106, 24.169569215843651 ], [ 121.621731593248199, 24.169478920767322 ], [ 121.621830012193797, 24.169479810696881 ], [ 121.621830981171897, 24.169389515620288 ], [ 121.622126236811496, 24.169392184131279 ] ] ] } },
{ "type": "Feature", "properties": { }, "geometry": { "type": "Polygon", "coordinates": [ [ [ 121.614552906739902, 24.16887205208079 ], [ 121.614548033256099, 24.169323524169819 ], [ 121.614055943743395, 24.169319052159452 ], [ 121.614057893633799, 24.169138463681179 ], [ 121.614156311399896, 24.169139358573041 ], [ 121.614157285784003, 24.169049064335091 ], [ 121.614255703476402, 24.16904995826129 ], [ 121.614256678775504, 24.168959664019109 ], [ 121.614355096398498, 24.168960557882539 ], [ 121.614356070644504, 24.16887026364406 ], [ 121.614552906739902, 24.16887205208079 ] ] ] } },
{ "type": "Feature", "properties": { }, "geometry": { "type": "Polygon", "coordinates": [ [ [ 121.614862773813101, 24.167520318340259 ], [ 121.614859851128003, 24.16779120199465 ], [ 121.614564600952605, 24.167788519330799 ], [ 121.614566549171499, 24.16760793082884 ], [ 121.614664966743902, 24.167608825412191 ], [ 121.614665940779901, 24.167518530257521 ], [ 121.614862773813101, 24.167520318340259 ] ] ] } },
{ "type": "Feature", "properties": { }, "geometry": { "type": "Polygon", "coordinates": [ [ [ 121.607963309796801, 24.159330218875951 ], [ 121.607959394476595, 24.159691395560071 ], [ 121.608057805047196, 24.159692293630481 ], [ 121.608055847528405, 24.159872882416231 ], [ 121.607760616385093, 24.159870188015059 ], [ 121.607761595352002, 24.159779893620449 ], [ 121.607663184711797, 24.159778995360281 ], [ 121.607668078914799, 24.15932752427458 ], [ 121.607963309796801, 24.159330218875951 ] ] ] } },
{ "type": "Feature", "properties": { }, "geometry": { "type": "Polygon", "coordinates": [ [ [ 121.600530398265406, 24.155017969534349 ], [ 121.600529415151499, 24.15510826313157 ], [ 121.600824634536295, 24.155110970847531 ], [ 121.600821683858399, 24.155381853439899 ], [ 121.600526463850898, 24.15537914573056 ], [ 121.600527446960299, 24.155288851233561 ], [ 121.600429040686706, 24.155287948233809 ], [ 121.600430024853594, 24.155197654634041 ], [ 121.600233211464698, 24.155195849349351 ], [ 121.600235179087306, 24.155015261244731 ], [ 121.600530398265406, 24.155017969534349 ] ] ] } },
{ "type": "Feature", "properties": { }, "geometry": { "type": "Polygon", "coordinates": [ [ [ 121.601323550000799, 24.154483424246099 ], [ 121.601322566459999, 24.154573718750441 ], [ 121.601420973163201, 24.154574621180782 ], [ 121.601419006211898, 24.1547552083791 ], [ 121.601320600358605, 24.154754306849259 ], [ 121.601319616813996, 24.154844600447589 ], [ 121.601024398053397, 24.154841893677379 ], [ 121.601025381805698, 24.154751600076828 ], [ 121.600926974963699, 24.15475069739399 ], [ 121.600928941618605, 24.154570109289281 ], [ 121.601027348322205, 24.154571011973591 ], [ 121.601028332070499, 24.15448071746702 ], [ 121.601323550000799, 24.154483424246099 ] ] ] } },
{ "type": "Feature", "properties": { }, "geometry": { "type": "Polygon", "coordinates": [ [ [ 121.6021107991251, 24.154490640126731 ], [ 121.602109816133606, 24.154580933722261 ], [ 121.602306628549897, 24.15458273660456 ], [ 121.602305646685195, 24.154673031096589 ], [ 121.602896084350903, 24.154678439118118 ], [ 121.602895101913106, 24.154768732705641 ], [ 121.603091914608697, 24.154770535471972 ], [ 121.603089950998594, 24.15495112353992 ], [ 121.601810666195703, 24.154939404651731 ], [ 121.601812631604801, 24.15475881656451 ], [ 121.601517413053401, 24.154756110744479 ], [ 121.601520362284603, 24.15448522904865 ], [ 121.6021107991251, 24.154490640126731 ] ] ] } },
{ "type": "Feature", "properties": { }, "geometry": { "type": "Polygon", "coordinates": [ [ [ 121.600250922054499, 24.153570557152921 ], [ 121.600249938735701, 24.153660851671919 ], [ 121.600545154796094, 24.1536635590918 ], [ 121.600544170700999, 24.15375385361142 ], [ 121.600642576778, 24.15375475565347 ], [ 121.600638641650605, 24.15411593190893 ], [ 121.600737048008597, 24.15411683478743 ], [ 121.600734097115605, 24.154387716513469 ], [ 121.600537284972702, 24.15438591159646 ], [ 121.600538269067201, 24.154295617084131 ], [ 121.600439862574902, 24.154294714983031 ], [ 121.600440846738707, 24.154204420468929 ], [ 121.600342440315501, 24.154203518303579 ], [ 121.600343424548498, 24.154113223787689 ], [ 121.600048207445496, 24.154110515095049 ], [ 121.600050175351399, 24.15392992786537 ], [ 121.599951770115197, 24.15392902453711 ], [ 121.599955706196596, 24.15356784825655 ], [ 121.600250922054499, 24.153570557152921 ] ] ] } },
{ "type": "Feature", "properties": { }, "geometry": { "type": "Polygon", "coordinates": [ [ [ 121.584915465278698, 24.16986415479299 ], [ 121.584914470325501, 24.169954448333421 ], [ 121.585012886978106, 24.169955361128029 ], [ 121.585011892094201, 24.170045654666719 ], [ 121.585110308815999, 24.170046567397119 ], [ 121.585107323384094, 24.17031744710571 ], [ 121.584910488536707, 24.170315620686431 ], [ 121.584911483493798, 24.170225328053071 ], [ 121.5839273089627, 24.170216192141311 ], [ 121.583930297871802, 24.169945312400909 ], [ 121.584225548819006, 24.169948053399349 ], [ 121.584226545245201, 24.169857760753199 ], [ 121.584423379400704, 24.16985958806892 ], [ 121.584422384097095, 24.169949880709911 ], [ 121.584619218390998, 24.169951707770089 ], [ 121.584620213555993, 24.169861415130491 ], [ 121.584915465278698, 24.16986415479299 ] ] ] } },
{ "type": "Feature", "properties": { }, "geometry": { "type": "Polygon", "coordinates": [ [ [ 121.609138300403799, 24.159888573754419 ], [ 121.609138363346801, 24.159882756087569 ], [ 121.609039952639193, 24.15988185871727 ], [ 121.609040930706499, 24.159791564332501 ], [ 121.608942521052001, 24.159790666893979 ], [ 121.608945454482296, 24.159519784637979 ], [ 121.608847044051302, 24.159518887137619 ], [ 121.608853891501298, 24.15888682728551 ], [ 121.609149120356605, 24.158889519615951 ], [ 121.609148142357299, 24.158979814010369 ], [ 121.609246552368404, 24.158980710421879 ], [ 121.609244597492705, 24.15916129920214 ], [ 121.6093430066623, 24.159162196455451 ], [ 121.609342029785907, 24.1592524908413 ], [ 121.609440439024596, 24.159253388030329 ], [ 121.609438484426406, 24.159433976801299 ], [ 121.609536893803394, 24.159434873925289 ], [ 121.609535917061507, 24.159525167403611 ], [ 121.609634326507603, 24.159526064463339 ], [ 121.609633219059205, 24.159628405017749 ], [ 121.609138300403799, 24.159888573754419 ] ] ] } },
{ "type": "Feature", "properties": { }, "geometry": { "type": "Polygon", "coordinates": [ [ [ 121.601888432443801, 24.15683648098058 ], [ 121.601888698682998, 24.156812025625499 ], [ 121.601570545034306, 24.156918537476429 ], [ 121.601238892337804, 24.15691984469278 ], [ 121.601238050711402, 24.15674002614805 ], [ 121.601890175813196, 24.156676370818399 ], [ 121.601890398694096, 24.156655892934669 ], [ 121.601988806004101, 24.1566567949709 ], [ 121.601989789058095, 24.156566500495689 ], [ 121.602186604523396, 24.156568304375249 ], [ 121.602185621603496, 24.156658597946109 ], [ 121.602284029897206, 24.15665949978796 ], [ 121.602282064200395, 24.156840087827931 ], [ 121.602183656752402, 24.156839185983682 ], [ 121.602182673837106, 24.156929480454291 ], [ 121.601985857818306, 24.156927676580651 ], [ 121.601986840876194, 24.156837383011439 ], [ 121.601888432443801, 24.15683648098058 ] ] ] } },
{ "type": "Feature", "properties": { }, "geometry": { "type": "Polygon", "coordinates": [ [ [ 121.550178581512995, 24.169176649371181 ], [ 121.550177561125295, 24.169266941341839 ], [ 121.550275976515195, 24.169267877472851 ], [ 121.550274957176896, 24.169358168535439 ], [ 121.550373372636102, 24.169359104602322 ], [ 121.550372352386702, 24.169449396569711 ], [ 121.550470767911307, 24.169450331669552 ], [ 121.550469748715201, 24.16954062363175 ], [ 121.550568163328904, 24.169541559573911 ], [ 121.550566125071001, 24.16972214259108 ], [ 121.550664539823302, 24.1697230784685 ], [ 121.550662500723405, 24.169903662386709 ], [ 121.550367254086893, 24.169900855477401 ], [ 121.550368273352603, 24.169810563518801 ], [ 121.550171442729805, 24.169808692226841 ], [ 121.550172462133801, 24.169718400265989 ], [ 121.550074046401704, 24.169717464977339 ], [ 121.550075066859094, 24.1696271730113 ], [ 121.549976651196204, 24.16962623765852 ], [ 121.549981750875801, 24.169174777820249 ], [ 121.550178581512995, 24.169176649371181 ] ] ] } },
{ "type": "Feature", "properties": { }, "geometry": { "type": "Polygon", "coordinates": [ [ [ 121.551851639971602, 24.169192546849459 ], [ 121.551848584307507, 24.16946342272055 ], [ 121.551750168778, 24.169462487607241 ], [ 121.551753224649701, 24.169191611734341 ], [ 121.551851639971602, 24.169192546849459 ] ] ] } },
{ "type": "Feature", "properties": { }, "geometry": { "type": "Polygon", "coordinates": [ [ [ 121.552447222915504, 24.168746693708261 ], [ 121.552444168494901, 24.169017568681252 ], [ 121.552050507771796, 24.169013832068149 ], [ 121.5520535630193, 24.168742956185021 ], [ 121.552447222915504, 24.168746693708261 ] ] ] } },
{ "type": "Feature", "properties": { }, "geometry": { "type": "Polygon", "coordinates": [ [ [ 121.552151315872294, 24.160074927529219 ], [ 121.552148261624694, 24.160345802806681 ], [ 121.551853036025804, 24.160343001085771 ], [ 121.551856090892301, 24.160072124899951 ], [ 121.552151315872294, 24.160074927529219 ] ] ] } },
{ "type": "Feature", "properties": { }, "geometry": { "type": "Polygon", "coordinates": [ [ [ 121.484145279356099, 24.16835395926373 ], [ 121.484143146628895, 24.168534537568529 ], [ 121.484044735372805, 24.16853355873419 ], [ 121.484043668449203, 24.168623848338459 ], [ 121.483846845802802, 24.168621891382951 ], [ 121.483850045026699, 24.168351024376591 ], [ 121.484145279356099, 24.16835395926373 ] ] ] } },
{ "type": "Feature", "properties": { }, "geometry": { "type": "Polygon", "coordinates": [ [ [ 121.471068413919099, 24.167230118850998 ], [ 121.471065187701797, 24.167500984243041 ], [ 121.470769956148501, 24.167498023999091 ], [ 121.470768880863503, 24.16758831276211 ], [ 121.470375239505699, 24.167584365180431 ], [ 121.470377391613198, 24.167403787647199 ], [ 121.470475801074798, 24.167404774415221 ], [ 121.470476877554205, 24.167314486548829 ], [ 121.470673697324003, 24.167316459892049 ], [ 121.470674773661301, 24.16722617112244 ], [ 121.471068413919099, 24.167230118850998 ] ] ] } },
{ "type": "Feature", "properties": { }, "geometry": { "type": "Polygon", "coordinates": [ [ [ 121.4674660441529, 24.163943185325529 ], [ 121.4674649665251, 24.164033473239471 ], [ 121.467563374402502, 24.16403446282677 ], [ 121.467561219287603, 24.164215039553671 ], [ 121.467462811275198, 24.164214050870051 ], [ 121.467461733646402, 24.164304338780859 ], [ 121.467166510387699, 24.164301372347069 ], [ 121.467167588220804, 24.16421108353223 ], [ 121.467069181193907, 24.164210094591581 ], [ 121.467072414902105, 24.163939229042551 ], [ 121.4674660441529, 24.163943185325529 ] ] ] } },
{ "type": "Feature", "properties": { }, "geometry": { "type": "Polygon", "coordinates": [ [ [ 121.474619212138506, 24.150018457364041 ], [ 121.474617067805099, 24.150199035264041 ], [ 121.474518670560897, 24.150198050964349 ], [ 121.474517598816604, 24.150288339911661 ], [ 121.474320804197603, 24.15028637292847 ], [ 121.474324020828504, 24.150015506077992 ], [ 121.474619212138506, 24.150018457364041 ] ] ] } },
{ "type": "Feature", "properties": { }, "geometry": { "type": "Polygon", "coordinates": [ [ [ 121.590438009514102, 24.124041460328829 ], [ 121.590434051566504, 24.124402636427721 ], [ 121.590335669850603, 24.124401728257549 ], [ 121.590334680294703, 24.124492022280389 ], [ 121.590236297525905, 24.12449111405132 ], [ 121.590235307901096, 24.124581408073809 ], [ 121.590038542225102, 24.124579591426901 ], [ 121.590041511514201, 24.124308709352011 ], [ 121.590139894144997, 24.124309617709301 ], [ 121.590141873533298, 24.124129029655581 ], [ 121.590240256025893, 24.124129937950901 ], [ 121.590241244667297, 24.124039643926999 ], [ 121.590438009514102, 24.124041460328829 ] ] ] } },
{ "type": "Feature", "properties": { }, "geometry": { "type": "Polygon", "coordinates": [ [ [ 121.588869836262006, 24.123485159563721 ], [ 121.588868845669396, 24.1235754536076 ], [ 121.588770463590294, 24.123574544420439 ], [ 121.588768482263106, 24.123755131603581 ], [ 121.588571717828501, 24.123753313041881 ], [ 121.588574690231695, 24.12348243180989 ], [ 121.588869836262006, 24.123485159563721 ] ] ] } },
{ "type": "Feature", "properties": { }, "geometry": { "type": "Polygon", "coordinates": [ [ [ 121.569247578344303, 24.144975165426811 ], [ 121.569246573151901, 24.145065457552519 ], [ 121.569344970847396, 24.145066380818371 ], [ 121.5693429606048, 24.14524696596828 ], [ 121.569244562774998, 24.14524604360664 ], [ 121.569243557586603, 24.145336336632109 ], [ 121.569046761788798, 24.145334491719741 ], [ 121.569047767115507, 24.14524419869295 ], [ 121.568949369285704, 24.145243276140921 ], [ 121.568951380077493, 24.145062690082899 ], [ 121.569049777768996, 24.14506361263625 ], [ 121.569050783095705, 24.144973319606329 ], [ 121.569247578344303, 24.144975165426811 ] ] ] } },
{ "type": "Feature", "properties": { }, "geometry": { "type": "Polygon", "coordinates": [ [ [ 121.542719800949698, 24.144660569230719 ], [ 121.542684058822402, 24.14467852794991 ], [ 121.542645178735995, 24.144694828329179 ], [ 121.542602768807299, 24.144709639701119 ], [ 121.542556021414399, 24.14472324393375 ], [ 121.542466248348205, 24.144744025734401 ], [ 121.542245017201694, 24.14478684965697 ], [ 121.542186732957305, 24.14480094621765 ], [ 121.542135760505204, 24.14481598109872 ], [ 121.5420834313406, 24.144835257251991 ], [ 121.542036783392007, 24.14485706755594 ], [ 121.5419950153466, 24.144881790473089 ], [ 121.541957726772196, 24.14490966850715 ], [ 121.541909586553601, 24.144958188645639 ], [ 121.5418873422133, 24.14497475843234 ], [ 121.541868539869398, 24.144982720258689 ], [ 121.541847053797298, 24.14498753592639 ], [ 121.541822818146201, 24.14498922282332 ], [ 121.541795679468393, 24.144987792327839 ], [ 121.541766496616901, 24.144983443642658 ], [ 121.541733781479607, 24.144976089047969 ], [ 121.541646992312394, 24.144949675316731 ], [ 121.541563986015603, 24.144924548309721 ], [ 121.541521458361998, 24.14490679531557 ], [ 121.541504382711906, 24.144896273745349 ], [ 121.541491366489097, 24.144884960363662 ], [ 121.541482264509199, 24.144872726569911 ], [ 121.541477029245499, 24.144859502106161 ], [ 121.541474801652001, 24.14483756739914 ], [ 121.541476810724504, 24.144807631390989 ], [ 121.541479431078599, 24.144795037284009 ], [ 121.541484074733802, 24.144784146118031 ], [ 121.541490753367498, 24.14477492715238 ], [ 121.541499491441201, 24.144767347795121 ], [ 121.541510304606604, 24.144761386320461 ], [ 121.541523259589397, 24.144756999151362 ], [ 121.541555943881093, 24.144752845363509 ], [ 121.541588690175104, 24.144753832539418 ], [ 121.541629217862194, 24.144758618645341 ], [ 121.541792976717602, 24.144788955949569 ], [ 121.541860425182193, 24.144798339782142 ], [ 121.541893364484494, 24.144800527082509 ], [ 121.541922572525905, 24.144800357474569 ], [ 121.541948503870898, 24.144797825734919 ], [ 121.541971367018704, 24.14479290855208 ], [ 121.542024625802895, 24.144777546878458 ], [ 121.542058294496996, 24.144766269110399 ], [ 121.542087694394993, 24.14475396633868 ], [ 121.542112464933297, 24.144740535108351 ], [ 121.542140111011804, 24.144721372799928 ], [ 121.542166525876596, 24.14469911244835 ], [ 121.542190523158794, 24.14467475418212 ], [ 121.542211004534394, 24.144649409778879 ], [ 121.542222765228004, 24.144628526045882 ], [ 121.542231049016394, 24.144603071473309 ], [ 121.542236494421502, 24.14456999826556 ], [ 121.542241784604101, 24.144497332844029 ], [ 121.542245761464301, 24.144467411506628 ], [ 121.542253969954999, 24.14443833922482 ], [ 121.542266546175597, 24.144415788521201 ], [ 121.542287445630805, 24.144392998771071 ], [ 121.542314271638503, 24.14437189085735 ], [ 121.542346955557306, 24.14435252100148 ], [ 121.542385369793706, 24.144334965497851 ], [ 121.542429550813594, 24.14431923865919 ], [ 121.542478990797093, 24.14430554995543 ], [ 121.542533211142398, 24.144294037422469 ], [ 121.542591028245297, 24.144284955369621 ], [ 121.542676851529905, 24.144275860409429 ], [ 121.542711658586498, 24.144274398541061 ], [ 121.542743223781898, 24.14427486327158 ], [ 121.542772596334402, 24.144277331231429 ], [ 121.542799341455506, 24.14428183015249 ], [ 121.542823602915504, 24.144288386612249 ], [ 121.542845453606603, 24.144297019313829 ], [ 121.542887201154898, 24.144319012088989 ], [ 121.542920632928002, 24.144341841635121 ], [ 121.542944608148403, 24.144364721063141 ], [ 121.542952971587795, 24.144376096016408 ], [ 121.542958890551304, 24.144387391178849 ], [ 121.542965026953595, 24.14441312405933 ], [ 121.5429646890763, 24.14444494484006 ], [ 121.542957804476103, 24.144481311602291 ], [ 121.542945306019405, 24.144517119565009 ], [ 121.542935918090706, 24.144533886655481 ], [ 121.542922869204901, 24.144549802678579 ], [ 121.542906037012997, 24.144565020660931 ], [ 121.542885120611004, 24.14457981796312 ], [ 121.542842142858703, 24.144603447468871 ], [ 121.542753315290398, 24.144643751581331 ], [ 121.542719800949698, 24.144660569230719 ] ] ] } },
{ "type": "Feature", "properties": { }, "geometry": { "type": "Polygon", "coordinates": [ [ [ 121.518666421666495, 24.13395480202086 ], [ 121.518678423330599, 24.13395635038728 ], [ 121.518690355247301, 24.133960608644269 ], [ 121.5187023504173, 24.133967620582979 ], [ 121.518714636645498, 24.13397751725536 ], [ 121.518737621583696, 24.134002300996279 ], [ 121.518783642903699, 24.134062662667461 ], [ 121.5188046400541, 24.134087351121661 ], [ 121.518827938222998, 24.134108800213578 ], [ 121.518850799841601, 24.134122760184191 ], [ 121.518883513802606, 24.13413374135499 ], [ 121.518969520049296, 24.134149734073851 ], [ 121.519006393589905, 24.134161135383469 ], [ 121.519045209963295, 24.134181229686671 ], [ 121.519085368695599, 24.134208963512972 ], [ 121.519126307566097, 24.134243254369089 ], [ 121.519190667788095, 24.134303157180572 ], [ 121.519299034030496, 24.13440520745776 ], [ 121.519334230331694, 24.134442475742478 ], [ 121.519363312526806, 24.13447723484175 ], [ 121.519388448449106, 24.13451249493405 ], [ 121.519408174861496, 24.134546744098181 ], [ 121.519422711735203, 24.134580367133641 ], [ 121.519432145490299, 24.13461356871014 ], [ 121.519445909182494, 24.134679376143289 ], [ 121.519449810039603, 24.134720480812678 ], [ 121.519448819668696, 24.134738846806179 ], [ 121.5194456800577, 24.13475515514007 ], [ 121.519440358400203, 24.134769565742129 ], [ 121.519432826455102, 24.134782150941639 ], [ 121.519411050159405, 24.134806990230292 ], [ 121.519400593305406, 24.134815478911339 ], [ 121.519390591626404, 24.134821198602531 ], [ 121.519373030706305, 24.134825439746479 ], [ 121.519350657370396, 24.134824748368981 ], [ 121.519323647843393, 24.134819150956041 ], [ 121.519291623994903, 24.134808567528619 ], [ 121.5192777764928, 24.134801418374291 ], [ 121.519266004267706, 24.134791167864229 ], [ 121.519256182929297, 24.134777711683569 ], [ 121.519248125520406, 24.13476080126329 ], [ 121.5192377677011, 24.13472242458851 ], [ 121.519225434979205, 24.13463817379958 ], [ 121.519218376527206, 24.134604281527189 ], [ 121.519207027824393, 24.13457293742837 ], [ 121.519191662568204, 24.134549546336249 ], [ 121.519169966127393, 24.134529587087581 ], [ 121.519141601504501, 24.134511227000829 ], [ 121.519106121576897, 24.134493868958309 ], [ 121.519026716309497, 24.134461392800201 ], [ 121.5189935434028, 24.134446177637539 ], [ 121.518961571214902, 24.13442764287478 ], [ 121.518936734613504, 24.134407764692149 ], [ 121.518919285465003, 24.1343882487506 ], [ 121.518902564232704, 24.134363816658009 ], [ 121.5188580038689, 24.134279573321201 ], [ 121.518842085823394, 24.134252780975231 ], [ 121.518825892015499, 24.134231039580229 ], [ 121.518808774318202, 24.13421367956796 ], [ 121.518796259773097, 24.13420450781917 ], [ 121.518781219323401, 24.134196483229911 ], [ 121.518763515913193, 24.134189532225861 ], [ 121.518742843057893, 24.134183531244769 ], [ 121.518700260641893, 24.134175193901552 ], [ 121.518594252939096, 24.134160366911669 ], [ 121.518568370398299, 24.134154837768001 ], [ 121.518547373976801, 24.134148377371321 ], [ 121.518527389089499, 24.134139015172352 ], [ 121.518512566372493, 24.134127641799779 ], [ 121.518502615648003, 24.13411402980239 ], [ 121.518497430031701, 24.134098024242331 ], [ 121.518494990224397, 24.13406952562455 ], [ 121.518497220889401, 24.134046153260709 ], [ 121.518503751805895, 24.13403027766271 ], [ 121.518515848816406, 24.134014721756941 ], [ 121.518533305437998, 24.133999762536 ], [ 121.518555587327796, 24.133985864106389 ], [ 121.518582879986099, 24.133973158564821 ], [ 121.518612409024101, 24.13396314514517 ], [ 121.518641414537697, 24.13395676683702 ], [ 121.518666421666495, 24.13395480202086 ] ] ] } },
{ "type": "Feature", "properties": { }, "geometry": { "type": "Polygon", "coordinates": [ [ [ 121.471317475541198, 24.129758282728812 ], [ 121.471314255247407, 24.130029150313241 ], [ 121.471019109809902, 24.130026194625259 ], [ 121.471021257418499, 24.129845617136251 ], [ 121.471119639091398, 24.129846602128801 ], [ 121.471120712332606, 24.12975631293315 ], [ 121.471317475541198, 24.129758282728812 ] ] ] } },
{ "type": "Feature", "properties": { }, "geometry": { "type": "Polygon", "coordinates": [ [ [ 121.4680988534287, 24.127378230678151 ], [ 121.468095627304095, 24.12764909747639 ], [ 121.467898868276507, 24.127647122572618 ], [ 121.467902094815599, 24.127376255772091 ], [ 121.4680988534287, 24.127378230678151 ] ] ] } },
{ "type": "Feature", "properties": { }, "geometry": { "type": "Polygon", "coordinates": [ [ [ 121.495594457927197, 24.12358808686265 ], [ 121.495664191280895, 24.12358877343847 ], [ 121.4957045088115, 24.123124925142861 ], [ 121.495789335336397, 24.12313761847804 ], [ 121.495917550816301, 24.123409531231971 ], [ 121.495889551086293, 24.123500692513979 ], [ 121.495890648063707, 24.123500703399291 ], [ 121.495887480427797, 24.123771574503468 ], [ 121.4955923467367, 24.12376866699535 ], [ 121.495594457927197, 24.12358808686265 ] ] ] } },
{ "type": "Feature", "properties": { }, "geometry": { "type": "Polygon", "coordinates": [ [ [ 121.531725098525797, 24.138929790770771 ], [ 121.531723035322301, 24.139110373806759 ], [ 121.531427861096901, 24.139107534392721 ], [ 121.531429924715098, 24.138926951353429 ], [ 121.531725098525797, 24.138929790770771 ] ] ] } },
{ "type": "Feature", "properties": { }, "geometry": { "type": "Polygon", "coordinates": [ [ [ 121.616770346469096, 24.118322191898379 ], [ 121.616767434307107, 24.118593077189121 ], [ 121.616669054297901, 24.118592185906952 ], [ 121.616668084162797, 24.118682480698951 ], [ 121.616569704088704, 24.118681590257051 ], [ 121.616568733884804, 24.118771885048812 ], [ 121.616470353737199, 24.118770993641409 ], [ 121.616469383464306, 24.1188612884329 ], [ 121.616272624018507, 24.118859506328441 ], [ 121.616271653607797, 24.118949801120461 ], [ 121.6160748940232, 24.11894801876403 ], [ 121.616073922490699, 24.11903831356053 ], [ 121.615877163751193, 24.11903653094814 ], [ 121.615876192080805, 24.11912682574517 ], [ 121.615679433202502, 24.119125042880778 ], [ 121.615678461394097, 24.11921533767832 ], [ 121.615383322866194, 24.119212662457201 ], [ 121.615384293898003, 24.11912236766128 ], [ 121.615285914455995, 24.119121475492381 ], [ 121.615286886540801, 24.11903118069068 ], [ 121.615188507167701, 24.119030288457619 ], [ 121.615191422646404, 24.118759404047889 ], [ 121.615289801808004, 24.118760295380401 ], [ 121.615290772909702, 24.11867000057849 ], [ 121.615487532082398, 24.118671783953818 ], [ 121.615488503046095, 24.11858148915244 ], [ 121.615685262080106, 24.118583272275789 ], [ 121.615684290275098, 24.118673567982469 ], [ 121.6158810494465, 24.118675350850701 ], [ 121.615882020133995, 24.118585056052439 ], [ 121.616078779166699, 24.118586838668691 ], [ 121.616079749716306, 24.11849654387094 ], [ 121.616374887567204, 24.118499217775671 ], [ 121.616375858889199, 24.118408922072391 ], [ 121.616474237776998, 24.118409813550269 ], [ 121.616475209034405, 24.118319518749601 ], [ 121.616770346469096, 24.118322191898379 ] ] ] } },
{ "type": "Feature", "properties": { }, "geometry": { "type": "Polygon", "coordinates": [ [ [ 121.604678085837804, 24.108369114328809 ], [ 121.604676128549201, 24.108549703430501 ], [ 121.604774499010006, 24.10855060169682 ], [ 121.604773520437007, 24.108640896696791 ], [ 121.604871891950296, 24.10864179489511 ], [ 121.604869934938506, 24.108822383987551 ], [ 121.604771563287102, 24.108821485790731 ], [ 121.604770584714402, 24.108911780787579 ], [ 121.604573842256897, 24.10890998420151 ], [ 121.604572862558499, 24.109000278299831 ], [ 121.604474491752399, 24.108999379910561 ], [ 121.604473512972902, 24.109089674907601 ], [ 121.604276769254895, 24.109087877948259 ], [ 121.604283622672, 24.10845581473858 ], [ 121.604381994047898, 24.108456713255169 ], [ 121.604382972901504, 24.108366419153 ], [ 121.604678085837804, 24.108369114328809 ] ] ] } },
{ "type": "Feature", "properties": { }, "geometry": { "type": "Polygon", "coordinates": [ [ [ 121.591205786338094, 24.11682429254763 ], [ 121.591204798312503, 24.116914586648392 ], [ 121.591303175279606, 24.11691549436679 ], [ 121.591299221487006, 24.117276670764149 ], [ 121.591397598726005, 24.117277577513441 ], [ 121.591395621968203, 24.117458165704441 ], [ 121.591297244591104, 24.117457258956609 ], [ 121.5912962556514, 24.117547553053171 ], [ 121.591197878200902, 24.117546645339779 ], [ 121.591196889192304, 24.117636939436011 ], [ 121.590803380105697, 24.117633309753401 ], [ 121.590804368406793, 24.117543015658121 ], [ 121.590705990955996, 24.11754210762782 ], [ 121.590706980310003, 24.117451813526969 ], [ 121.590608602932406, 24.117450906335449 ], [ 121.590610580794902, 24.11727031813302 ], [ 121.590708958034497, 24.11727122532595 ], [ 121.590711925117802, 24.117000343917631 ], [ 121.590810302150103, 24.11700125104932 ], [ 121.590811290451796, 24.116910956946739 ], [ 121.590909667419098, 24.11691186491867 ], [ 121.590910656635501, 24.116821570811979 ], [ 121.591205786338094, 24.11682429254763 ] ] ] } },
{ "type": "Feature", "properties": { }, "geometry": { "type": "Polygon", "coordinates": [ [ [ 121.586990458454196, 24.115430810191459 ], [ 121.586989467458807, 24.115521104338288 ], [ 121.587087842405197, 24.115522013893472 ], [ 121.587084868638698, 24.115792895426541 ], [ 121.586691365064794, 24.11578925503958 ], [ 121.5866943396599, 24.115518373498102 ], [ 121.586792715594299, 24.115519284142511 ], [ 121.586793707711493, 24.11542898999048 ], [ 121.586990458454196, 24.115430810191459 ] ] ] } },
{ "type": "Feature", "properties": { }, "geometry": { "type": "Polygon", "coordinates": [ [ [ 121.577407118625203, 24.11904427651659 ], [ 121.577406119946204, 24.1191345697885 ], [ 121.577504497731596, 24.11913548636614 ], [ 121.577502501495402, 24.119316072901739 ], [ 121.577404123575903, 24.119315157228339 ], [ 121.577403124896904, 24.119405450497119 ], [ 121.577107989939194, 24.119402701296568 ], [ 121.577108988825401, 24.11931240802576 ], [ 121.577010610901695, 24.119311491195919 ], [ 121.577012607828394, 24.119130904653549 ], [ 121.577110985609906, 24.119131820581831 ], [ 121.577111984496099, 24.1190415273079 ], [ 121.577407118625203, 24.11904427651659 ] ] ] } },
{ "type": "Feature", "properties": { }, "geometry": { "type": "Polygon", "coordinates": [ [ [ 121.575407157745502, 24.113065651980019 ], [ 121.575406157615205, 24.113155945334821 ], [ 121.575504531823995, 24.113156862381249 ], [ 121.575500533550397, 24.113518036682809 ], [ 121.575402160045101, 24.11351711873245 ], [ 121.575401160898593, 24.11360741207832 ], [ 121.575302787328297, 24.11360649496816 ], [ 121.575301787129007, 24.11369678831737 ], [ 121.575006666206903, 24.113694035705819 ], [ 121.575010664881304, 24.113332862305789 ], [ 121.575109038244506, 24.113333779608059 ], [ 121.575111037935599, 24.11315319290129 ], [ 121.575209411160799, 24.113154110141529 ], [ 121.575210411429197, 24.113063816785409 ], [ 121.575407157745502, 24.113065651980019 ] ] ] } },
{ "type": "Feature", "properties": { }, "geometry": { "type": "Polygon", "coordinates": [ [ [ 121.576102763433497, 24.11244001654012 ], [ 121.576100766110301, 24.11262060414931 ], [ 121.5758056466901, 24.112617853038099 ], [ 121.575807645415097, 24.112437266324061 ], [ 121.576102763433497, 24.11244001654012 ] ] ] } },
{ "type": "Feature", "properties": { }, "geometry": { "type": "Polygon", "coordinates": [ [ [ 121.575415152878605, 24.112343303320689 ], [ 121.575414153731799, 24.112433596680091 ], [ 121.575512526408801, 24.112434514638519 ], [ 121.575510528253304, 24.112615101352851 ], [ 121.575215408832605, 24.112612349101049 ], [ 121.575216408117498, 24.112522055742389 ], [ 121.575118035375496, 24.112521138497431 ], [ 121.575120035062895, 24.112340550869011 ], [ 121.575415152878605, 24.112343303320689 ] ] ] } },
{ "type": "Feature", "properties": { }, "geometry": { "type": "Polygon", "coordinates": [ [ [ 121.574014066235904, 24.108054242786839 ], [ 121.574268942231996, 24.108182965398971 ], [ 121.574227195615194, 24.108325770147371 ], [ 121.573972377185996, 24.108210015818781 ], [ 121.574014066235904, 24.108054242786839 ] ] ] } },
{ "type": "Feature", "properties": { }, "geometry": { "type": "Polygon", "coordinates": [ [ [ 121.570381134659797, 24.101207771454401 ], [ 121.570377334583597, 24.10119747523893 ], [ 121.570376594323307, 24.101186239407539 ], [ 121.570378918112596, 24.101174131663239 ], [ 121.570384288673296, 24.101161248682331 ], [ 121.570392695468897, 24.10114765461088 ], [ 121.570404021397493, 24.10113356026481 ], [ 121.570434721219897, 24.101104704979178 ], [ 121.570475863585003, 24.101075730353369 ], [ 121.570521846513998, 24.101051018372861 ], [ 121.570566961771902, 24.101033610595341 ], [ 121.570587619719902, 24.101028278509229 ], [ 121.570606360549704, 24.101025378809279 ], [ 121.570637751378399, 24.101024182634209 ], [ 121.570669917328701, 24.101026101327161 ], [ 121.570697850353696, 24.101030812284399 ], [ 121.570719432957205, 24.101037924326011 ], [ 121.570729904133401, 24.101044264327619 ], [ 121.570739382871395, 24.10105327524774 ], [ 121.570747808915897, 24.101064899524879 ], [ 121.570755109040405, 24.101079038111909 ], [ 121.570766066826593, 24.101114389688451 ], [ 121.5707715420574, 24.10115709612268 ], [ 121.570770868948301, 24.10120585518797 ], [ 121.570763694629704, 24.101251846714391 ], [ 121.570758003974007, 24.101271508189399 ], [ 121.570751150786293, 24.101288086936041 ], [ 121.570743344333096, 24.101301083763271 ], [ 121.570734766224604, 24.101310195516 ], [ 121.570725938396905, 24.10131578321737 ], [ 121.570714801293306, 24.101320321323549 ], [ 121.570686017606207, 24.10132609639933 ], [ 121.570649612091302, 24.101327267064889 ], [ 121.570607900797498, 24.101323747017631 ], [ 121.570563583549202, 24.101315708563899 ], [ 121.570520738501301, 24.101303830821379 ], [ 121.570482797842502, 24.10128907703303 ], [ 121.570452056411597, 24.10127234697104 ], [ 121.570427766369093, 24.10125513053314 ], [ 121.570406783386105, 24.1012377193607 ], [ 121.570391100767594, 24.101221779119609 ], [ 121.570381134659797, 24.101207771454401 ] ] ] } },
{ "type": "Feature", "properties": { }, "geometry": { "type": "Polygon", "coordinates": [ [ [ 121.578198604466294, 24.111799183489371 ], [ 121.578237694054593, 24.111802533452838 ], [ 121.578286984874097, 24.111803750940979 ], [ 121.578510824997394, 24.111800274325351 ], [ 121.578553005156607, 24.11180182383444 ], [ 121.578587443540201, 24.11180511186328 ], [ 121.578625425640496, 24.111813090645249 ], [ 121.578639634317199, 24.1118185861455 ], [ 121.578650762790105, 24.11182512263105 ], [ 121.578658867307496, 24.111832739617821 ], [ 121.578663953840206, 24.111841452433161 ], [ 121.578666037248496, 24.1118512844969 ], [ 121.578665120576204, 24.111862256564631 ], [ 121.578656249729406, 24.111888116201531 ], [ 121.578639721297193, 24.111919564980301 ], [ 121.578618073216305, 24.11195178707781 ], [ 121.578595004840594, 24.111979234525251 ], [ 121.578568029845897, 24.112003106776971 ], [ 121.578533894414406, 24.11202587117344 ], [ 121.578492328181895, 24.112047781549379 ], [ 121.578440004298002, 24.112070596728518 ], [ 121.578403531370199, 24.112083907409399 ], [ 121.578362753227296, 24.1120960064152 ], [ 121.578318917515304, 24.11210652514605 ], [ 121.578273333109394, 24.11211514804333 ], [ 121.578227517634204, 24.112121604808522 ], [ 121.578182357910194, 24.11212578825052 ], [ 121.578138834285596, 24.112127607980781 ], [ 121.578097674569094, 24.11212703415957 ], [ 121.578060907918001, 24.112124236083069 ], [ 121.578027265586101, 24.11211926460274 ], [ 121.577997049776897, 24.112112165528959 ], [ 121.577970467288694, 24.112102987741739 ], [ 121.577947711272898, 24.112091808162951 ], [ 121.5779288399374, 24.112078664496511 ], [ 121.577913927297402, 24.112063609735799 ], [ 121.577903021775796, 24.112046693359169 ], [ 121.577892172457496, 24.112020821669951 ], [ 121.577882602112098, 24.111989944806002 ], [ 121.577875635589393, 24.111958401675221 ], [ 121.5778717984483, 24.11192866156545 ], [ 121.5778712627, 24.11190332421824 ], [ 121.577873826392803, 24.111881886571549 ], [ 121.577879435437396, 24.111864790354741 ], [ 121.577888019879396, 24.111852229958529 ], [ 121.577901235826104, 24.111844325526711 ], [ 121.577921649423104, 24.111840565332059 ], [ 121.577944383311504, 24.11184025361532 ], [ 121.578005381195695, 24.111843011525949 ], [ 121.578034491269406, 24.11184134929508 ], [ 121.578056099218301, 24.11183564961992 ], [ 121.578071568028307, 24.111825599453532 ], [ 121.578078117727898, 24.111817324750529 ], [ 121.578091537774299, 24.111794852821799 ], [ 121.578099649637394, 24.111786589362922 ], [ 121.578112001874103, 24.111781970272599 ], [ 121.578128370957899, 24.111782040163931 ], [ 121.578198604466294, 24.111799183489371 ] ] ] } },
{ "type": "Feature", "properties": { }, "geometry": { "type": "Polygon", "coordinates": [ [ [ 121.514868399588593, 24.1206235355545 ], [ 121.514994575468805, 24.120376717128291 ], [ 121.515135659281299, 24.12032436871575 ], [ 121.515249886499703, 24.1206222492604 ], [ 121.514868399588593, 24.1206235355545 ] ] ] } },
{ "type": "Feature", "properties": { }, "geometry": { "type": "Polygon", "coordinates": [ [ [ 121.480343272632297, 24.10700244068234 ], [ 121.480341140847202, 24.107183019523319 ], [ 121.480439505149107, 24.107183997883681 ], [ 121.480437373504103, 24.10736457762259 ], [ 121.480339009064195, 24.10736359926306 ], [ 121.480336877279996, 24.107544178998609 ], [ 121.480435241857904, 24.107545157357311 ], [ 121.480434176032603, 24.107635446771631 ], [ 121.480532541663493, 24.10763642506349 ], [ 121.4805346731724, 24.10745584533171 ], [ 121.480633037681997, 24.107456823564149 ], [ 121.480634103368601, 24.107366534148539 ], [ 121.480830833234293, 24.10736849042112 ], [ 121.480829767685606, 24.107458779835891 ], [ 121.481124862201597, 24.107461713770022 ], [ 121.481123796859706, 24.10755200318248 ], [ 121.481713986313906, 24.107557869338059 ], [ 121.481712921389004, 24.10764815964988 ], [ 121.481909651675394, 24.107650114526471 ], [ 121.481908586884799, 24.107740403933519 ], [ 121.482006951605598, 24.10774138127794 ], [ 121.482005886887094, 24.107831671586421 ], [ 121.482104252660903, 24.107832648863969 ], [ 121.482103188007699, 24.107922938268072 ], [ 121.482201552867096, 24.10792391548495 ], [ 121.482199423701104, 24.108104495192119 ], [ 121.482101058703705, 24.108103517976069 ], [ 121.482099993065901, 24.10819380738014 ], [ 121.481608166754597, 24.108188920354898 ], [ 121.481607101755202, 24.10827920975694 ], [ 121.481410370504705, 24.108277254506149 ], [ 121.481409305370306, 24.10836754481085 ], [ 121.481114208781605, 24.108364611459301 ], [ 121.481113143436502, 24.10845490086129 ], [ 121.480916411913, 24.108452944978719 ], [ 121.480915346429697, 24.10854323438053 ], [ 121.480620249431496, 24.108540300081291 ], [ 121.480621315121894, 24.108450010678261 ], [ 121.480522949853295, 24.10844903245038 ], [ 121.480526147126199, 24.108178163330859 ], [ 121.480427781081303, 24.10817718504148 ], [ 121.480429912731793, 24.107996605321411 ], [ 121.480331547808902, 24.10799562696479 ], [ 121.480332613704405, 24.107905337554229 ], [ 121.480234248850806, 24.10790435913383 ], [ 121.480235314815005, 24.107814069721819 ], [ 121.479841854696005, 24.107810155408281 ], [ 121.479842920932498, 24.10771986509064 ], [ 121.479744555234703, 24.107718886355809 ], [ 121.479746687851502, 24.107538307522429 ], [ 121.479845053411296, 24.107539286258081 ], [ 121.479849317378196, 24.10717812768052 ], [ 121.479947682658903, 24.107179105451589 ], [ 121.479948748827596, 24.107088816029961 ], [ 121.4800471130593, 24.107089794644089 ], [ 121.4800481791587, 24.106999505221811 ], [ 121.480343272632297, 24.10700244068234 ] ] ] } },
{ "type": "Feature", "properties": { }, "geometry": { "type": "Polygon", "coordinates": [ [ [ 121.685652816005302, 24.235945190864289 ], [ 121.685650547593895, 24.235521769741869 ], [ 121.685852117495799, 24.2348386655874 ], [ 121.686032068263401, 24.23490842699217 ], [ 121.686189139885698, 24.235495818813131 ], [ 121.685960655843104, 24.23594380382287 ], [ 121.685652816005302, 24.235945190864289 ] ] ] } },
{ "type": "Feature", "properties": { }, "geometry": { "type": "Polygon", "coordinates": [ [ [ 121.671238160502298, 24.2407989323119 ], [ 121.671403138775304, 24.240948758421752 ], [ 121.671157488281807, 24.241070284525751 ], [ 121.670927702911499, 24.241086353401791 ], [ 121.671238160502298, 24.2407989323119 ] ] ] } },
{ "type": "Feature", "properties": { }, "geometry": { "type": "Polygon", "coordinates": [ [ [ 121.662305673788595, 24.205796578392881 ], [ 121.6624053417749, 24.205642571070801 ], [ 121.662869552026095, 24.205723554089321 ], [ 121.663601928184704, 24.205720365793649 ], [ 121.663742417251797, 24.205884422518618 ], [ 121.662719073592996, 24.2063828846189 ], [ 121.6623597654539, 24.20633739925044 ], [ 121.662305673788595, 24.205796578392881 ] ] ] } },
{ "type": "Feature", "properties": { }, "geometry": { "type": "Polygon", "coordinates": [ [ [ 121.571070385293396, 24.158946177646609 ], [ 121.571291602466999, 24.15909952029368 ], [ 121.570861467982795, 24.15919748693085 ], [ 121.570578610381801, 24.159352715824522 ], [ 121.570368750114199, 24.159392042986209 ], [ 121.570399228473306, 24.159160673264381 ], [ 121.570651008745699, 24.15910191759065 ], [ 121.570818434250299, 24.158966392166231 ], [ 121.571070385293396, 24.158946177646609 ] ] ] } },
{ "type": "Feature", "properties": { }, "geometry": { "type": "Polygon", "coordinates": [ [ [ 121.440284144969894, 24.238253893489361 ], [ 121.440281943136696, 24.238434466882449 ], [ 121.439986553662905, 24.23843143857011 ], [ 121.439988754931406, 24.238250866081021 ], [ 121.440284144969894, 24.238253893489361 ] ] ] } },
{ "type": "Feature", "properties": { }, "geometry": { "type": "Polygon", "coordinates": [ [ [ 121.4431832239692, 24.175510108283891 ], [ 121.443350917745306, 24.175406839764349 ], [ 121.443407171669605, 24.175475196927071 ], [ 121.443707051176204, 24.175799799890139 ], [ 121.443670358289097, 24.175988339512731 ], [ 121.443483576525594, 24.175971751744019 ], [ 121.4431832239692, 24.175510108283891 ] ] ] } },
{ "type": "Feature", "properties": { }, "geometry": { "type": "Polygon", "coordinates": [ [ [ 121.434167570003495, 24.17471165096401 ], [ 121.434166468007604, 24.17480193795992 ], [ 121.434264882286897, 24.174802948015941 ], [ 121.434261577488101, 24.175073808993719 ], [ 121.433966334022102, 24.17507077683176 ], [ 121.433967436157999, 24.174980489838411 ], [ 121.433869021738502, 24.174979478689441 ], [ 121.4338712251662, 24.174798905604781 ], [ 121.4339696394442, 24.17479991585142 ], [ 121.433970741578605, 24.174709628854949 ], [ 121.434167570003495, 24.17471165096401 ] ] ] } },
{ "type": "Feature", "properties": { }, "geometry": { "type": "Polygon", "coordinates": [ [ [ 121.412741684980702, 24.211963530740078 ], [ 121.412740566034302, 24.21205381645569 ], [ 121.412839007990399, 24.212054841759141 ], [ 121.412836771219304, 24.212235413184121 ], [ 121.4131320965284, 24.212238490519759 ], [ 121.413130977857904, 24.21232877623132 ], [ 121.413229420027207, 24.212329802182449 ], [ 121.413226065205095, 24.212600659307459 ], [ 121.413127622827602, 24.21259963335703 ], [ 121.413126504154903, 24.212689919064388 ], [ 121.412831177802005, 24.212686840829189 ], [ 121.412832295698394, 24.212596555123842 ], [ 121.412635411935895, 24.21259450355042 ], [ 121.412636530954899, 24.212504217840891 ], [ 121.412538088650194, 24.212503191508361 ], [ 121.412540325840993, 24.212322620088361 ], [ 121.412441883678397, 24.212321594594648 ], [ 121.412446360299796, 24.211960451735809 ], [ 121.412741684980702, 24.211963530740078 ] ] ] } },
{ "type": "Feature", "properties": { }, "geometry": { "type": "Polygon", "coordinates": [ [ [ 121.410541375952107, 24.206793641604701 ], [ 121.4105402554422, 24.20688392738548 ], [ 121.410638693433995, 24.206884955068041 ], [ 121.410635334074996, 24.207155811495198 ], [ 121.410536895874998, 24.207154783813291 ], [ 121.410535775362902, 24.207245069589849 ], [ 121.410437338078594, 24.2072440418419 ], [ 121.410436217496496, 24.20733432761763 ], [ 121.410239341809401, 24.20733227283683 ], [ 121.410240461545797, 24.207241987063291 ], [ 121.410142024266094, 24.20724096002737 ], [ 121.410145384667302, 24.206970103600099 ], [ 121.410243822723402, 24.206971130634031 ], [ 121.410244942460395, 24.206880845759219 ], [ 121.4103433804476, 24.206881872729731 ], [ 121.410344500111805, 24.20679158695118 ], [ 121.410541375952107, 24.206793641604701 ] ] ] } },
{ "type": "Feature", "properties": { }, "geometry": { "type": "Polygon", "coordinates": [ [ [ 121.431429069163698, 24.205475120340591 ], [ 121.431427963370396, 24.205565406990001 ], [ 121.4315264012765, 24.205566420282391 ], [ 121.431525295552007, 24.20565670693048 ], [ 121.431623733527999, 24.205657720158971 ], [ 121.431621523200704, 24.20583829344865 ], [ 121.431326209839597, 24.20583525266829 ], [ 121.431327314719397, 24.20574496602454 ], [ 121.431228877656906, 24.205743951699759 ], [ 121.431232193488697, 24.205473092661489 ], [ 121.431429069163698, 24.205475120340591 ] ] ] } },
{ "type": "Feature", "properties": { }, "geometry": { "type": "Polygon", "coordinates": [ [ [ 121.429267913420702, 24.18098211698489 ], [ 121.429264597145405, 24.181252976886459 ], [ 121.429166177900896, 24.18125196277029 ], [ 121.429165072406505, 24.18134224970327 ], [ 121.428672977813306, 24.181337178164991 ], [ 121.4286751894942, 24.181156604295271 ], [ 121.4287736076827, 24.181157618732222 ], [ 121.428774713456207, 24.181067332698952 ], [ 121.428971551664802, 24.181069361377229 ], [ 121.4289726572962, 24.18097907444054 ], [ 121.429267913420702, 24.18098211698489 ] ] ] } },
{ "type": "Feature", "properties": { }, "geometry": { "type": "Polygon", "coordinates": [ [ [ 121.408509655751701, 24.172188543918089 ], [ 121.408508535694693, 24.17227883010251 ], [ 121.408606947122806, 24.172279856748681 ], [ 121.408604708129602, 24.1724604291113 ], [ 121.408506296560105, 24.172459401562609 ], [ 121.408504057423301, 24.172639973018519 ], [ 121.408405645718901, 24.17263894630965 ], [ 121.408404526571104, 24.172729231583471 ], [ 121.408207703022498, 24.17272717707268 ], [ 121.408206583738504, 24.17281746324878 ], [ 121.408009761037903, 24.172815408481679 ], [ 121.408008640627898, 24.172905693756881 ], [ 121.407910228718507, 24.172904666731011 ], [ 121.4079091092228, 24.17299495200275 ], [ 121.407810697244898, 24.172993924913591 ], [ 121.407809577679402, 24.17308421018447 ], [ 121.407612753583805, 24.173082154913089 ], [ 121.407616114656605, 24.172811297284898 ], [ 121.407714526497799, 24.17281232540445 ], [ 121.407715646127997, 24.172722039227281 ], [ 121.407814057900595, 24.172723067283549 ], [ 121.407816298007802, 24.172542495826761 ], [ 121.407914709639599, 24.172543522916971 ], [ 121.407915829132406, 24.172453237639981 ], [ 121.408112652262204, 24.172455292533211 ], [ 121.408113771613102, 24.172365006352681 ], [ 121.408212183111104, 24.172366034155669 ], [ 121.408213302392198, 24.172275747974311 ], [ 121.408311713821504, 24.172276775713978 ], [ 121.408312833032795, 24.172186489531779 ], [ 121.408509655751701, 24.172188543918089 ] ] ] } },
{ "type": "Feature", "properties": { }, "geometry": { "type": "Polygon", "coordinates": [ [ [ 121.427803844906904, 24.171937219411522 ], [ 121.427802739409302, 24.172027506454128 ], [ 121.427901150595503, 24.17202852065067 ], [ 121.427900045166595, 24.17211880769197 ], [ 121.427998457406801, 24.172119821821951 ], [ 121.427995139353399, 24.17239068204135 ], [ 121.427896726905502, 24.172389667912149 ], [ 121.427895621471507, 24.172479954046331 ], [ 121.427600384901297, 24.17247690946984 ], [ 121.427601490542997, 24.172386623334869 ], [ 121.427503079078207, 24.172385608045921 ], [ 121.427504184788603, 24.17229532190963 ], [ 121.427405773393602, 24.172294306556861 ], [ 121.427409091707602, 24.172023446332279 ], [ 121.427605916047995, 24.172025476067411 ], [ 121.427607021687095, 24.171935189927179 ], [ 121.427803844906904, 24.171937219411522 ] ] ] } },
{ "type": "Feature", "properties": { }, "geometry": { "type": "Polygon", "coordinates": [ [ [ 121.413575549011995, 24.142805824328441 ], [ 121.413563157872304, 24.142803312552761 ], [ 121.413551049120301, 24.142797739997501 ], [ 121.413539288774103, 24.14278913537747 ], [ 121.413527963625, 24.142777561662349 ], [ 121.413517127898203, 24.14276305211358 ], [ 121.413506958405605, 24.142745819342661 ], [ 121.413489218893901, 24.142704275046938 ], [ 121.413475456763393, 24.142652708340631 ], [ 121.413469072689693, 24.142601257087669 ], [ 121.413469038733098, 24.142578463734669 ], [ 121.413471131568997, 24.142558876326142 ], [ 121.413475268959004, 24.142543235483529 ], [ 121.413481329364899, 24.142531993901461 ], [ 121.413490671808702, 24.142523373650381 ], [ 121.413504818442703, 24.142515227061999 ], [ 121.413523430435902, 24.142507750987608 ], [ 121.4135459181919, 24.142501186298048 ], [ 121.413599429260302, 24.142491659930819 ], [ 121.413656818936005, 24.142488211459671 ], [ 121.413707158022902, 24.142491005035829 ], [ 121.413729364412902, 24.14249454662119 ], [ 121.413749071017193, 24.142499445754861 ], [ 121.413765940021094, 24.142505603128772 ], [ 121.413779901430999, 24.142512977399001 ], [ 121.413790835986305, 24.142521505684879 ], [ 121.413798676604301, 24.142531133993341 ], [ 121.413810100805605, 24.142556665741282 ], [ 121.413817890246605, 24.14258921313839 ], [ 121.413820587222901, 24.142622517447421 ], [ 121.413817729994093, 24.142650995327969 ], [ 121.413811351769695, 24.14266987021136 ], [ 121.413800651557096, 24.142689211884619 ], [ 121.413785806396007, 24.142708693008011 ], [ 121.413767179776002, 24.142727830433088 ], [ 121.413745023476594, 24.142746283976159 ], [ 121.413720454002998, 24.142763049265671 ], [ 121.413694605330207, 24.142777352129229 ], [ 121.413668830929595, 24.142788441276341 ], [ 121.413643459142605, 24.142796528907699 ], [ 121.413617733180601, 24.142802492008581 ], [ 121.413594671566202, 24.142805641594791 ], [ 121.413575549011995, 24.142805824328441 ] ] ] } }
]
}
